Area,Year,average_rain_fall_mm_per_year,pesticides_tonnes,avg_temp,Item,hg/ha_yield
Kenya,2001,895.2,6.89,19.88,Rice,10848.0
Nigeria,2016,1306.0,19.42,26.54,Potatoes,17509.0
Nigeria,2013,1069.2,2.65,21.87,Maize,9706.0
Ethiopia,2009,760.7,14.44,20.06,Potatoes,17902.0
Kenya,2009,765.1,6.58,26.91,Cassava,8138.0
Kenya,2018,1606.5,16.14,28.2,Maize,8374.0
Kenya,2001,1045.3,6.28,27.02,Wheat,6687.0
Nigeria,2014,1674.1,20.89,18.59,Sorghum,5065.0
Kenya,2004,920.2,15.11,20.02,Potatoes,16495.0
Tanzania,2001,1201.9,45.62,29.25,Sorghum,5851.0
Ethiopia,2011,1937.4,14.96,22.96,Potatoes,20848.0
India,2020,729.9,8.05,20.93,Sorghum,5712.0
India,2015,435.8,12.21,24.87,Potatoes,16764.0
Nigeria,2015,1550.3,5.08,26.03,Maize,10150.0
Tanzania,2015,810.6,20.59,19.71,Sorghum,6257.0
Kenya,2016,1092.8,23.85,22.88,Rice,9943.0
Ethiopia,2010,894.9,100.0,25.71,Maize,9955.0
Ethiopia,2002,1193.9,9.05,17.36,Rice,8924.0
Kenya,2017,767.3,12.01,22.05,Rice,10505.0
Ethiopia,2009,1037.0,9.39,17.54,Maize,9898.0
Ethiopia,2010,1257.4,17.63,18.07,Cassava,13076.0
India,2007,747.1,20.19,19.75,Wheat,6351.0
Ethiopia,2003,855.0,14.26,23.91,Wheat,6373.0
Tanzania,2019,978.4,35.48,20.71,Rice,11359.0
India,2016,599.9,9.08,19.41,Sorghum,5343.0
Tanzania,2013,952.1,32.75,22.21,Sorghum,6780.0
Kenya,2008,1141.6,22.89,17.41,Sorghum,5137.0
Tanzania,2017,960.2,14.74,23.72,Wheat,7784.0
India,2011,1005.0,11.57,26.53,Cassava,9686.0
Tanzania,2009,1093.0,100.0,21.68,Sorghum,8371.0
Ethiopia,2009,870.5,7.74,21.19,Rice,10943.0
Tanzania,2004,1341.9,18.88,23.49,Potatoes,20003.0
Nigeria,2001,1602.6,8.16,13.89,Maize,8523.0
Kenya,2011,937.5,62.08,24.15,Sorghum,5342.0
Nigeria,2018,1269.8,30.25,34.0,Cassava,6645.0
Kenya,2001,1016.1,8.65,21.51,Rice,11780.0
Tanzania,2018,1227.9,22.42,21.52,Potatoes,17646.0
Ethiopia,2017,1648.0,18.29,24.97,Rice,11149.0
Ethiopia,2005,1278.0,9.84,28.58,Maize,9282.0
Nigeria,2013,479.3,27.29,25.9,Potatoes,17035.0
Nigeria,2003,1258.9,20.32,13.38,Sorghum,6161.0
Kenya,2015,1531.5,17.68,24.25,Cassava,12046.0
Tanzania,2014,1022.4,14.39,32.29,Cassava,6212.0
Tanzania,2007,1448.5,21.01,24.49,Rice,11925.0
India,2001,858.5,17.88,17.38,Cassava,9321.0
India,2020,580.1,15.6,23.13,Potatoes,16476.0
Nigeria,2009,1149.4,8.91,16.88,Potatoes,17122.0
Nigeria,2018,485.2,57.69,26.93,Potatoes,17471.0
Nigeria,2014,1016.1,6.42,18.18,Cassava,11927.0
Kenya,2016,1550.4,20.95,22.3,Sorghum,7932.0
Kenya,2015,431.6,11.52,18.57,Maize,7030.0
Ethiopia,2004,652.2,60.8,19.81,Maize,10225.0
Nigeria,2007,738.8,7.22,27.94,Rice,11667.0
Kenya,2009,1077.8,8.26,22.41,Potatoes,18410.0
Kenya,2010,972.0,6.85,19.76,Sorghum,5906.0
Tanzania,2000,1589.7,19.27,17.42,Rice,9274.0
Ethiopia,2011,1434.0,4.96,14.51,Potatoes,15633.0
Nigeria,2003,1273.3,10.15,16.99,Cassava,11334.0
Nigeria,2015,1151.0,2.66,22.45,Rice,9982.0
India,2014,1237.6,18.04,25.92,Rice,9687.0
India,2019,798.3,9.97,19.76,Potatoes,18480.0
Ethiopia,2015,1400.0,4.52,28.28,Rice,10194.0
Tanzania,2007,710.8,35.46,19.13,Cassava,10982.0
Ethiopia,2020,1392.4,5.23,21.05,Cassava,11513.0
Tanzania,2008,1515.1,28.15,17.68,Potatoes,19520.0
Nigeria,2006,1173.8,8.49,25.96,Rice,9859.0
Kenya,2019,1038.3,53.58,30.39,Potatoes,13667.0
India,2007,1240.1,27.1,14.95,Wheat,6541.0
Kenya,2001,250.0,6.64,20.62,Rice,8986.0
India,2009,1205.8,7.14,27.06,Wheat,4425.0
Kenya,2016,1060.3,24.15,16.21,Maize,7245.0
Ethiopia,2003,1082.3,12.06,24.27,Maize,9231.0
India,2009,1347.3,12.99,26.89,Potatoes,17946.0
Tanzania,2002,1073.8,41.17,22.31,Maize,9411.0
Nigeria,2014,700.9,8.17,24.2,Potatoes,16398.0
Kenya,2009,1050.5,16.01,29.04,Rice,8473.0
Ethiopia,2006,1123.6,31.93,29.79,Rice,7496.0
Tanzania,2004,1140.2,28.43,21.75,Sorghum,7320.0
India,2011,1156.7,13.1,19.87,Potatoes,16737.0
Kenya,2014,1463.8,11.81,18.32,Sorghum,5371.0
Ethiopia,2019,719.9,3.7,25.91,Sorghum,5632.0
Ethiopia,2009,1161.5,6.39,16.51,Maize,8524.0
Kenya,2003,1551.5,19.2,20.99,Wheat,9585.0
Tanzania,2017,492.9,13.33,22.41,Potatoes,16197.0
India,2013,1162.9,15.8,19.99,Cassava,11098.0
Kenya,2014,895.1,34.17,23.12,Maize,10450.0
India,2002,970.3,5.76,32.26,Maize,2815.0
Nigeria,2006,783.3,12.32,21.51,Cassava,12724.0
Kenya,2016,1040.7,17.3,20.26,Cassava,12901.0
Nigeria,2017,1744.4,8.47,26.06,Wheat,9497.0
Kenya,2009,657.4,46.77,22.96,Rice,8988.0
Ethiopia,2016,690.6,30.78,27.76,Potatoes,15255.0
Tanzania,2017,644.3,18.77,22.66,Wheat,6690.0
India,2008,1704.6,62.51,21.01,Wheat,8478.0
Kenya,2018,938.2,4.49,14.87,Rice,6475.0
Tanzania,2006,1091.0,14.79,15.52,Potatoes,16713.0
Nigeria,2005,959.0,19.95,14.66,Wheat,6067.0
Tanzania,2014,769.5,7.16,23.52,Rice,8352.0
India,2013,1017.7,18.93,16.55,Wheat,6795.0
Ethiopia,2002,1960.4,6.14,27.02,Sorghum,7679.0
Nigeria,2017,1587.2,25.85,22.12,Maize,12438.0
Nigeria,2004,801.5,34.68,21.02,Wheat,8253.0
India,2016,1326.7,18.5,18.62,Wheat,8636.0
Ethiopia,2000,809.0,3.38,24.49,Cassava,11481.0
Ethiopia,2016,478.3,6.87,18.78,Cassava,11071.0
Ethiopia,2016,1456.8,23.38,18.06,Potatoes,17198.0
Ethiopia,2016,1506.0,15.13,26.75,Maize,9414.0
Kenya,2013,1466.1,1.72,23.42,Sorghum,6926.0
Kenya,2009,935.5,40.22,21.06,Rice,9902.0
Tanzania,2014,1041.6,16.6,24.57,Cassava,12044.0
Kenya,2005,1362.4,7.73,22.04,Rice,11184.0
Tanzania,2016,1237.0,32.98,23.53,Cassava,12864.0
Kenya,2011,962.2,8.65,18.73,Sorghum,5407.0
India,2009,533.3,8.58,30.28,Wheat,2554.0
Ethiopia,2010,1139.9,19.82,19.68,Sorghum,7551.0
Nigeria,2011,1477.7,61.86,28.22,Wheat,8250.0
Ethiopia,2000,680.8,54.54,21.24,Rice,9073.0
Nigeria,2002,1323.6,19.84,25.23,Wheat,8066.0
Nigeria,2005,1216.0,21.54,24.94,Sorghum,5241.0
Nigeria,2002,1362.6,28.03,26.59,Wheat,8003.0
Ethiopia,2009,1405.2,5.44,18.64,Potatoes,17986.0
Nigeria,2014,856.9,24.91,26.3,Potatoes,16609.0
Tanzania,2013,534.1,8.27,29.39,Sorghum,4170.0
Nigeria,2009,913.3,19.2,20.97,Cassava,10908.0
Ethiopia,2017,1411.2,12.4,22.14,Maize,10926.0
Kenya,2011,910.3,22.22,19.91,Cassava,13407.0
Ethiopia,2001,857.1,16.35,20.61,Maize,10014.0
Kenya,2016,462.5,1.27,28.85,Potatoes,14199.0
Kenya,2012,1713.4,17.17,17.98,Rice,9780.0
Tanzania,2013,1389.0,24.87,18.23,Potatoes,16964.0
Kenya,2011,1369.5,21.26,28.44,Sorghum,4893.0
Nigeria,2011,1438.7,13.71,24.5,Cassava,12172.0
Tanzania,2001,1301.8,55.35,30.48,Rice,7410.0
Tanzania,2011,1014.5,19.09,20.2,Cassava,11478.0
Kenya,2016,1042.7,21.12,22.51,Wheat,7607.0
Kenya,2006,950.4,34.32,19.36,Wheat,7828.0
Ethiopia,2012,2022.2,19.89,22.57,Rice,11318.0
Nigeria,2000,1294.6,7.25,14.9,Potatoes,15777.0
Tanzania,2007,937.7,2.12,24.74,Sorghum,5513.0
Ethiopia,2009,1262.9,10.16,23.29,Sorghum,6680.0
Kenya,2020,746.2,27.35,21.77,Wheat,8802.0
Ethiopia,2004,1626.6,11.22,20.44,Wheat,9146.0
Tanzania,2005,868.6,28.25,18.42,Cassava,9706.0
Kenya,2008,1275.4,16.76,24.91,Rice,10552.0
Ethiopia,2020,1473.1,41.7,17.32,Wheat,8670.0
Kenya,2017,1234.7,11.75,24.05,Cassava,11891.0
Kenya,2000,1133.1,21.63,30.3,Rice,6127.0
Tanzania,2004,1103.8,22.3,27.94,Cassava,12156.0
Kenya,2017,1080.2,49.47,15.98,Cassava,9825.0
Ethiopia,2001,898.2,3.8,19.85,Cassava,11920.0
Tanzania,2017,942.7,10.31,23.69,Potatoes,17681.0
India,2005,1617.9,29.34,21.72,Sorghum,8236.0
Kenya,2019,1062.0,51.25,16.4,Cassava,12531.0
Nigeria,2006,825.0,18.03,23.54,Wheat,7984.0
Tanzania,2009,919.3,11.77,21.96,Maize,8596.0
Nigeria,2013,1485.1,27.27,29.66,Wheat,7533.0
Nigeria,2002,1336.5,29.81,20.99,Potatoes,18473.0
Nigeria,2011,1296.1,11.16,26.67,Potatoes,17884.0
India,2010,1009.9,19.38,16.93,Maize,6893.0
Kenya,2016,1300.7,38.26,17.89,Potatoes,17045.0
Tanzania,2020,874.8,67.52,24.89,Wheat,7808.0
Tanzania,2013,1009.1,26.95,26.33,Potatoes,17510.0
Kenya,2008,1439.4,15.41,18.17,Potatoes,16506.0
Tanzania,2008,1406.0,14.25,22.1,Potatoes,19154.0
Tanzania,2008,756.3,23.24,16.47,Rice,7501.0
India,2017,800.6,13.56,21.28,Rice,10493.0
Ethiopia,2006,1138.0,17.32,25.35,Sorghum,5942.0
Nigeria,2003,1704.1,6.38,20.26,Sorghum,6897.0
Tanzania,2007,429.6,42.0,21.0,Sorghum,5499.0
Kenya,2000,1197.4,5.98,17.48,Rice,8480.0
Tanzania,2002,618.4,10.53,19.41,Rice,9958.0
Tanzania,2001,878.0,16.09,29.03,Wheat,5148.0
India,2016,972.5,73.17,22.29,Potatoes,18297.0
Ethiopia,2015,952.8,10.61,17.99,Maize,9065.0
Nigeria,2014,913.2,8.73,20.74,Rice,9064.0
Kenya,2009,1102.5,9.58,15.61,Wheat,4672.0
Tanzania,2015,912.7,56.1,17.94,Potatoes,17876.0
Ethiopia,2003,588.1,1.57,27.44,Cassava,8495.0
Kenya,2018,1373.0,6.67,21.43,Cassava,11416.0
India,2010,1363.5,100.0,29.56,Rice,10079.0
India,2019,1395.1,23.87,21.62,Maize,10593.0
India,2003,560.7,6.14,21.86,Wheat,5196.0
Kenya,2010,1204.6,14.39,24.56,Maize,8813.0
India,2014,1336.6,15.7,11.31,Sorghum,920.0
India,2010,739.1,29.28,22.82,Cassava,12834.0
India,2009,1103.2,64.82,21.8,Potatoes,19413.0
Tanzania,2003,1059.3,20.3,27.94,Wheat,5866.0
Ethiopia,2008,1744.8,9.66,25.86,Maize,10832.0
Ethiopia,2005,1773.6,27.93,17.47,Cassava,11675.0
Tanzania,2006,517.5,8.51,26.97,Wheat,4750.0
Nigeria,2014,1972.9,6.51,20.95,Maize,11683.0
Nigeria,2013,779.7,3.64,18.38,Wheat,7088.0
Ethiopia,2012,1443.2,4.25,22.79,Wheat,8423.0
India,2007,1439.7,7.26,21.19,Potatoes,18670.0
India,2020,751.5,5.8,28.15,Cassava,9307.0
Kenya,2001,1272.6,19.12,23.36,Wheat,7956.0
Nigeria,2007,1062.4,5.7,22.82,Sorghum,6326.0
Tanzania,2002,1294.0,1.2,25.6,Maize,8797.0
Ethiopia,2007,1180.7,6.46,26.37,Maize,9043.0
Ethiopia,2020,1518.7,10.2,25.13,Maize,10422.0
Tanzania,2007,1126.4,9.17,27.68,Cassava,10743.0
Kenya,2019,1041.2,50.18,24.43,Potatoes,17016.0
Ethiopia,2010,1483.6,9.11,22.67,Sorghum,6481.0
Nigeria,2014,1303.1,30.11,26.96,Maize,9772.0
India,2009,1356.1,14.66,21.64,Maize,11222.0
Kenya,2005,867.4,14.38,22.13,Cassava,11560.0
Nigeria,2016,734.2,7.63,28.89,Maize,6425.0
Kenya,2020,901.3,14.2,28.49,Maize,7304.0
India,2005,882.7,8.07,21.97,Potatoes,16240.0
India,2016,1375.2,17.05,20.19,Potatoes,19511.0
Nigeria,2005,1441.6,12.32,27.85,Wheat,7483.0
Ethiopia,2015,1045.7,6.99,25.2,Rice,9042.0
Kenya,2016,1600.8,32.9,23.26,Sorghum,7594.0
Tanzania,2009,1579.0,20.94,20.71,Rice,10839.0
India,2015,1185.2,10.4,23.33,Rice,11265.0
Ethiopia,2005,812.3,16.72,21.91,Maize,8856.0
Nigeria,2001,1651.4,13.91,19.34,Rice,11564.0
India,2002,1078.6,7.43,22.52,Sorghum,6689.0
India,2009,1144.2,15.74,23.06,Potatoes,17236.0
Nigeria,2018,981.1,9.05,20.5,Cassava,12067.0
Ethiopia,2002,788.6,6.99,25.62,Maize,8498.0
India,2009,586.0,4.06,27.16,Maize,5455.0
India,2014,1321.5,11.17,25.88,Potatoes,17825.0
Nigeria,2004,825.8,23.42,20.9,Wheat,7572.0
Kenya,2015,2170.8,8.54,25.02,Potatoes,19910.0
Nigeria,2006,719.9,100.0,22.31,Cassava,12811.0
India,2016,659.9,30.22,17.06,Rice,8439.0
Tanzania,2012,1278.5,42.24,24.69,Potatoes,19724.0
Nigeria,2011,1635.3,28.11,22.58,Sorghum,7142.0
Ethiopia,2003,1122.6,65.52,32.37,Maize,5301.0
Nigeria,2009,1300.3,7.93,27.83,Cassava,11750.0
Kenya,2017,454.8,1.92,24.84,Wheat,6198.0
Kenya,2000,862.9,10.41,23.0,Sorghum,6223.0
India,2015,724.2,23.26,22.65,Potatoes,19601.0
Tanzania,2010,436.7,16.8,17.99,Maize,7940.0
Tanzania,2015,1140.9,18.55,15.04,Sorghum,5529.0
Nigeria,2013,315.0,42.81,18.51,Wheat,6011.0
Kenya,2009,637.2,20.2,21.81,Potatoes,16110.0
Tanzania,2006,912.0,28.19,13.58,Cassava,8354.0
Nigeria,2013,809.0,7.02,19.82,Cassava,12013.0
Ethiopia,2002,1238.7,6.19,21.01,Cassava,12640.0
Tanzania,2012,1207.0,54.12,21.14,Rice,11397.0
India,2001,1412.8,16.13,19.35,Potatoes,18042.0
India,2013,1363.3,9.04,20.63,Wheat,7715.0
Ethiopia,2013,1499.3,9.05,28.9,Cassava,10633.0
Tanzania,2001,1099.3,8.85,24.65,Rice,10488.0
Nigeria,2015,1206.2,8.44,19.76,Sorghum,7511.0
Nigeria,2008,1279.0,5.33,21.73,Rice,9885.0
India,2016,1149.6,4.48,21.89,Sorghum,6982.0
India,2000,961.0,12.73,18.93,Wheat,6295.0
Kenya,2003,983.6,9.26,18.92,Sorghum,6099.0
Ethiopia,2010,813.9,36.08,26.04,Maize,8424.0
Ethiopia,2003,1247.6,18.81,20.32,Maize,11309.0
Tanzania,2006,1067.1,18.4,17.62,Rice,8984.0
India,2013,867.9,8.21,21.83,Rice,9592.0
Ethiopia,2003,868.2,13.51,22.47,Sorghum,6649.0
India,2014,676.4,19.86,14.11,Rice,5597.0
India,2002,1442.6,26.39,21.84,Maize,10203.0
Ethiopia,2003,1127.5,13.8,25.47,Wheat,7205.0
Nigeria,2012,798.0,35.28,23.8,Rice,9576.0
Tanzania,2016,1383.0,14.98,30.92,Potatoes,14692.0
Nigeria,2003,903.8,28.06,27.0,Potatoes,17983.0
Kenya,2006,607.7,10.06,27.8,Wheat,4538.0
India,2019,1457.4,3.49,33.2,Potatoes,13323.0
Nigeria,2020,912.0,18.44,25.03,Potatoes,17852.0
Nigeria,2012,956.9,26.58,22.65,Sorghum,5427.0
India,2009,1114.4,23.58,25.89,Potatoes,17790.0
Tanzania,2007,1499.9,20.86,19.76,Sorghum,6015.0
Ethiopia,2012,1107.0,11.26,22.43,Wheat,8461.0
Nigeria,2012,680.3,7.8,19.41,Sorghum,5055.0
Kenya,2006,1290.4,23.14,23.59,Maize,9879.0
India,2000,930.3,20.93,19.39,Maize,7590.0
Nigeria,2003,1760.8,9.5,19.25,Cassava,13487.0
Ethiopia,2020,1099.6,36.15,23.65,Rice,11372.0
India,2008,317.7,7.34,21.45,Potatoes,15269.0
Nigeria,2010,1225.1,9.33,14.29,Potatoes,15314.0
Nigeria,2009,1780.6,55.1,16.18,Sorghum,7828.0
Nigeria,2016,1651.6,29.81,17.41,Wheat,9065.0
Ethiopia,2001,1740.8,11.17,18.47,Wheat,6545.0
Kenya,2001,743.1,18.73,23.66,Maize,10406.0
Tanzania,2005,1419.3,16.84,22.88,Cassava,13216.0
Kenya,2010,847.3,1.65,26.26,Wheat,6799.0
Ethiopia,2014,1178.5,7.21,25.01,Potatoes,17664.0
India,2010,654.5,14.29,26.29,Rice,6557.0
Kenya,2009,874.4,11.19,24.43,Maize,9232.0
India,2019,863.3,18.13,22.84,Rice,9031.0
India,2003,1414.5,36.73,26.4,Maize,9982.0
India,2012,1380.3,11.5,25.68,Wheat,7404.0
Ethiopia,2011,1196.9,6.38,23.5,Maize,9841.0
Kenya,2009,627.4,19.3,27.08,Sorghum,3609.0
Tanzania,2016,990.9,11.46,12.62,Potatoes,14568.0
Ethiopia,2005,838.9,13.13,20.84,Cassava,10412.0
Tanzania,2020,1404.4,11.78,20.78,Rice,12820.0
Kenya,2006,1512.4,89.43,26.61,Wheat,10826.0
Kenya,2011,1469.7,2.48,28.29,Potatoes,18262.0
India,2010,835.7,10.91,16.2,Cassava,10836.0
Tanzania,2017,250.0,14.84,27.64,Potatoes,14663.0
Tanzania,2009,481.6,7.97,17.31,Maize,8141.0
India,2005,1597.6,30.57,17.44,Wheat,7949.0
Ethiopia,2000,959.6,28.52,21.06,Cassava,10601.0
Tanzania,2007,837.2,14.32,20.73,Potatoes,18737.0
India,2017,1674.9,11.98,15.77,Cassava,12332.0
Kenya,2000,1542.8,13.6,24.6,Potatoes,18566.0
Kenya,2018,1108.6,13.68,24.72,Maize,8009.0
Tanzania,2011,997.3,13.98,26.22,Cassava,10476.0
Ethiopia,2002,1053.8,12.8,20.27,Sorghum,4736.0
India,2006,1179.5,18.21,21.84,Sorghum,7418.0
Kenya,2011,1660.0,27.18,21.88,Cassava,11916.0
Ethiopia,2006,1247.9,5.56,28.75,Wheat,6335.0
Ethiopia,2002,1354.1,6.42,10.66,Cassava,6032.0
Ethiopia,2013,1509.2,3.67,18.17,Wheat,6732.0
India,2014,690.6,29.76,22.02,Cassava,11380.0
Tanzania,2002,1364.2,18.18,17.66,Wheat,7325.0
Tanzania,2005,996.9,22.29,20.97,Potatoes,18634.0
India,2005,250.0,4.74,21.5,Sorghum,3169.0
Ethiopia,2013,355.1,62.05,19.37,Maize,7719.0
Tanzania,2015,743.7,9.14,22.26,Maize,6521.0
Nigeria,2015,1285.9,17.02,24.51,Cassava,10534.0
Nigeria,2019,1139.8,29.47,21.05,Maize,11728.0
India,2016,1164.5,6.76,20.19,Potatoes,19591.0
India,2006,1782.8,9.61,21.34,Cassava,13330.0
Tanzania,2002,655.8,17.17,21.97,Potatoes,16359.0
Nigeria,2012,1090.4,100.0,15.04,Rice,9350.0
India,2019,1206.6,18.93,23.85,Rice,10971.0
India,2020,842.3,53.79,20.2,Potatoes,17251.0
Ethiopia,2004,1109.9,39.04,27.05,Potatoes,17595.0
Ethiopia,2004,540.0,19.97,24.36,Potatoes,16725.0
India,2000,1593.5,6.74,26.68,Maize,8809.0
Kenya,2002,861.4,34.74,17.96,Potatoes,16507.0
Ethiopia,2011,1811.0,4.49,20.51,Sorghum,8216.0
India,2011,1088.6,53.55,17.03,Sorghum,4908.0
Tanzania,2007,1459.8,17.46,19.18,Maize,10422.0
Nigeria,2006,1081.3,1.79,27.01,Sorghum,5053.0
Ethiopia,2017,1089.2,11.33,27.95,Sorghum,5088.0
Nigeria,2009,895.6,25.11,17.41,Wheat,8143.0
India,2016,1141.7,12.31,20.17,Cassava,11594.0
Nigeria,2020,1211.3,26.36,21.7,Potatoes,19584.0
Kenya,2006,825.5,7.54,24.34,Rice,7569.0
Nigeria,2004,1056.2,5.23,14.96,Sorghum,3949.0
Nigeria,2020,886.5,14.05,15.59,Potatoes,16036.0
India,2013,1904.9,15.26,23.96,Potatoes,21178.0
Tanzania,2006,1068.6,11.26,14.2,Wheat,3221.0
Tanzania,2013,1640.8,39.72,20.21,Cassava,13375.0
India,2010,1031.5,7.54,22.65,Cassava,12875.0
Ethiopia,2019,1190.8,19.12,23.66,Maize,9075.0
Nigeria,2005,637.5,15.71,21.43,Sorghum,5632.0
Kenya,2020,943.5,4.28,20.54,Maize,9142.0
Tanzania,2019,1173.7,5.18,25.38,Rice,9912.0
Tanzania,2003,1655.1,15.02,23.14,Cassava,14617.0
Tanzania,2003,1177.7,72.6,19.41,Wheat,8982.0
Ethiopia,2011,1584.3,23.65,22.15,Rice,12734.0
Ethiopia,2000,1324.3,3.74,23.53,Wheat,7840.0
Tanzania,2006,1669.6,1.24,28.87,Sorghum,4799.0
Nigeria,2009,1079.3,26.75,25.15,Rice,10027.0
India,2020,1936.6,13.78,26.86,Potatoes,17562.0
Nigeria,2020,930.1,37.08,19.56,Cassava,12469.0
Nigeria,2003,831.7,7.36,19.9,Potatoes,17095.0
India,2018,676.5,19.69,21.06,Sorghum,4839.0
Tanzania,2001,1915.9,29.28,21.43,Maize,11988.0
Ethiopia,2015,1386.8,10.4,17.97,Wheat,6746.0
Tanzania,2017,983.1,10.58,27.06,Cassava,11261.0
Ethiopia,2018,1537.2,15.18,25.53,Cassava,12117.0
Nigeria,2004,1340.7,22.97,20.78,Potatoes,19970.0
Tanzania,2018,1788.1,14.71,24.57,Rice,11105.0
Tanzania,2002,558.3,32.43,22.89,Wheat,7448.0
Tanzania,2010,1007.1,10.28,24.88,Cassava,11558.0
Ethiopia,2009,938.1,5.14,16.62,Sorghum,5509.0
Tanzania,2006,409.2,72.35,21.42,Wheat,7269.0
Tanzania,2000,1471.1,9.17,21.77,Potatoes,17275.0
Tanzania,2016,1005.4,9.44,24.49,Potatoes,18381.0
Kenya,2007,1358.9,14.12,19.49,Rice,10338.0
India,2013,1925.9,15.7,12.0,Cassava,9883.0
Tanzania,2008,976.4,10.92,17.67,Maize,8991.0
India,2007,952.6,14.67,21.76,Wheat,6617.0
Ethiopia,2018,1141.5,14.41,22.26,Maize,8901.0
India,2001,1445.5,17.11,28.73,Sorghum,5685.0
Kenya,2015,901.7,2.26,24.33,Potatoes,16800.0
Nigeria,2015,879.2,67.0,22.33,Cassava,13477.0
India,2007,1470.0,13.23,21.87,Potatoes,18471.0
Nigeria,2005,1232.5,23.68,26.42,Maize,10310.0
India,2000,384.3,4.94,19.64,Rice,8450.0
Ethiopia,2019,671.1,10.21,21.44,Maize,8875.0
India,2019,1625.4,8.69,17.64,Sorghum,6215.0
India,2005,1240.7,48.22,27.68,Sorghum,5912.0
India,2000,833.2,9.31,23.57,Cassava,12135.0
Ethiopia,2002,1040.4,27.29,19.17,Rice,9989.0
Ethiopia,2001,1104.6,8.84,21.54,Wheat,8331.0
Ethiopia,2017,1357.5,10.36,24.04,Maize,9997.0
Nigeria,2018,624.6,12.23,21.0,Rice,9524.0
Nigeria,2003,805.7,41.56,19.86,Rice,11641.0
Ethiopia,2015,1195.5,3.28,19.38,Sorghum,7453.0
Nigeria,2003,1065.1,5.19,23.36,Sorghum,6610.0
Ethiopia,2007,1300.2,3.13,20.57,Maize,10008.0
Ethiopia,2012,669.7,6.23,20.18,Wheat,6087.0
India,2015,1225.0,7.77,16.66,Potatoes,16571.0
Tanzania,2018,1482.1,4.09,22.31,Rice,11196.0
Ethiopia,2000,1270.4,8.27,21.28,Maize,10661.0
Tanzania,2004,1148.7,2.97,20.71,Cassava,12571.0
Nigeria,2005,1066.4,6.59,22.8,Sorghum,5618.0
Kenya,2006,807.8,38.87,24.99,Potatoes,18137.0
Ethiopia,2020,1074.8,20.55,24.81,Wheat,7539.0
Kenya,2016,1540.9,17.29,24.21,Cassava,11841.0
Kenya,2006,1058.3,6.67,21.04,Maize,10389.0
Ethiopia,2020,788.6,4.35,19.73,Rice,10586.0
Nigeria,2010,927.7,5.98,17.82,Sorghum,5783.0
India,2010,1170.3,14.37,19.63,Cassava,12375.0
Kenya,2009,969.3,29.8,22.08,Wheat,8370.0
Tanzania,2003,1269.9,30.63,18.85,Potatoes,19464.0
Ethiopia,2019,1283.0,24.64,22.38,Wheat,9141.0
Kenya,2000,1411.1,8.25,18.14,Maize,8162.0
India,2003,1598.2,15.17,15.36,Rice,10966.0
India,2004,1448.6,11.51,25.28,Cassava,13035.0
India,2005,773.0,12.67,20.1,Sorghum,4970.0
Kenya,2002,783.8,75.92,18.65,Rice,8932.0
Kenya,2000,1073.5,3.63,17.62,Wheat,7109.0
Ethiopia,2014,942.1,12.33,23.69,Maize,8878.0
Nigeria,2020,701.6,39.23,27.5,Wheat,6568.0
Tanzania,2002,945.4,4.61,20.39,Maize,9601.0
Ethiopia,2006,933.9,8.89,21.14,Wheat,6945.0
Kenya,2010,864.9,9.75,26.29,Sorghum,4018.0
Tanzania,2019,989.5,12.45,14.76,Maize,7251.0
Kenya,2014,1512.5,4.15,29.87,Maize,6924.0
Kenya,2016,1169.7,23.96,31.78,Potatoes,14063.0
Nigeria,2012,1965.1,25.36,11.17,Wheat,3721.0
Nigeria,2008,1159.7,22.35,21.61,Rice,10553.0
India,2004,998.5,7.42,19.12,Maize,9279.0
Tanzania,2018,1101.4,15.95,20.94,Wheat,8357.0
Tanzania,2016,1189.8,7.25,20.33,Rice,9491.0
Ethiopia,2000,1252.3,11.4,25.25,Sorghum,5400.0
Tanzania,2015,1826.8,83.33,21.55,Rice,12874.0
India,2001,804.1,16.06,18.36,Potatoes,17118.0
Kenya,2015,1400.7,5.75,21.31,Potatoes,18811.0
Tanzania,2017,1172.7,17.19,24.06,Wheat,7386.0
Kenya,2002,550.1,5.05,17.27,Wheat,5645.0
Nigeria,2009,1369.7,5.7,15.42,Rice,10400.0
India,2002,1543.7,6.47,29.97,Maize,7519.0
Ethiopia,2011,800.0,10.43,19.43,Sorghum,4149.0
Ethiopia,2019,1096.9,31.49,21.45,Potatoes,18555.0
Nigeria,2001,496.1,23.63,20.41,Wheat,8672.0
Tanzania,2008,659.4,22.61,24.19,Rice,8015.0
Ethiopia,2020,1466.8,6.18,29.09,Wheat,6384.0
India,2006,936.8,9.65,24.32,Potatoes,16960.0
Nigeria,2002,711.9,18.5,15.93,Sorghum,4470.0
Kenya,2010,1180.3,9.0,16.46,Maize,8327.0
India,2010,917.2,11.91,20.4,Rice,10508.0
Tanzania,2013,935.2,21.18,20.93,Maize,9300.0
Nigeria,2006,1358.8,11.26,15.11,Rice,10073.0
Kenya,2020,693.4,17.83,25.28,Wheat,6304.0
Kenya,2010,783.1,53.21,17.65,Rice,8856.0
Nigeria,2006,1153.9,12.97,27.97,Rice,8425.0
Nigeria,2020,1439.3,38.22,29.28,Wheat,5218.0
Nigeria,2019,1533.4,23.28,21.01,Rice,11826.0
Ethiopia,2010,867.2,4.6,23.76,Sorghum,7687.0
Nigeria,2000,1428.1,6.16,17.07,Sorghum,6754.0
Ethiopia,2012,825.6,7.64,24.49,Maize,9269.0
India,2011,1739.2,7.51,20.01,Rice,10788.0
India,2003,703.2,13.84,17.65,Cassava,9884.0
India,2013,1565.0,24.33,20.84,Potatoes,19834.0
Kenya,2017,870.2,40.61,20.14,Wheat,9275.0
Tanzania,2002,1804.6,19.04,20.7,Potatoes,20919.0
Kenya,2015,1307.0,10.42,25.8,Maize,9907.0
Tanzania,2002,744.4,2.81,18.86,Maize,8167.0
Kenya,2015,917.2,15.74,28.94,Potatoes,15575.0
Nigeria,2008,1373.4,15.19,16.7,Potatoes,17007.0
Kenya,2000,1468.4,17.22,28.46,Sorghum,4107.0
Kenya,2020,1075.2,80.24,17.93,Rice,9311.0
India,2003,1115.6,40.14,22.0,Cassava,12301.0
India,2012,1365.4,27.88,20.04,Rice,10386.0
Kenya,2003,1146.1,6.89,20.63,Sorghum,5017.0
Tanzania,2019,647.3,9.87,25.21,Maize,7976.0
Ethiopia,2015,815.5,13.79,28.0,Maize,7095.0
Ethiopia,2016,1182.3,8.0,26.76,Sorghum,4645.0
Ethiopia,2009,1525.4,22.21,20.38,Cassava,12738.0
Nigeria,2009,1665.6,19.8,22.74,Cassava,13348.0
Kenya,2013,1372.8,6.23,18.87,Wheat,7218.0
Nigeria,2016,1200.6,38.76,18.03,Maize,10549.0
Ethiopia,2017,1362.1,16.15,17.41,Cassava,10080.0
Kenya,2000,866.6,3.73,20.25,Potatoes,15337.0
Ethiopia,2013,1046.4,14.28,23.0,Wheat,7774.0
India,2002,811.6,18.63,14.35,Sorghum,3220.0
India,2006,662.9,32.4,21.81,Cassava,11507.0
Ethiopia,2017,1216.7,11.36,28.06,Wheat,6007.0
Ethiopia,2005,1164.9,28.86,26.49,Sorghum,5263.0
India,2016,1340.7,17.28,19.66,Sorghum,6656.0
India,2009,1291.1,5.2,16.41,Potatoes,16316.0
Tanzania,2004,1184.9,4.8,23.84,Potatoes,19323.0
Tanzania,2007,1294.8,36.53,12.73,Wheat,4438.0
Tanzania,2011,1085.1,38.74,26.44,Cassava,11433.0
Tanzania,2016,1244.5,19.27,21.15,Cassava,14622.0
Nigeria,2012,845.8,49.23,29.33,Cassava,9709.0
Ethiopia,2019,1229.4,34.65,15.09,Sorghum,5578.0
Ethiopia,2018,1333.9,25.71,25.67,Maize,10295.0
Ethiopia,2015,865.6,7.18,21.6,Rice,10363.0
India,2012,1118.1,59.45,20.68,Rice,10933.0
India,2006,881.7,22.85,16.52,Cassava,10306.0
Tanzania,2008,915.7,10.93,24.38,Potatoes,17413.0
Kenya,2002,706.3,8.72,24.7,Potatoes,16137.0
Nigeria,2007,1543.0,18.27,29.14,Maize,8867.0
Ethiopia,2019,1473.0,3.91,26.03,Sorghum,8393.0
Tanzania,2008,1288.1,26.04,19.62,Rice,11660.0
Ethiopia,2002,1790.3,6.94,17.98,Maize,10591.0
Kenya,2013,1033.8,20.02,16.53,Cassava,11296.0
Nigeria,2020,2161.1,9.8,27.89,Wheat,8057.0
Tanzania,2018,1020.4,12.04,18.89,Maize,8655.0
Tanzania,2005,1189.3,8.12,27.92,Maize,8914.0
Kenya,2009,960.8,13.08,24.1,Rice,10950.0
Ethiopia,2011,1230.3,67.46,23.32,Maize,9946.0
Kenya,2005,1392.5,45.06,20.77,Cassava,12536.0
Ethiopia,2005,1060.1,19.76,24.64,Potatoes,19778.0
Nigeria,2004,1721.9,14.58,21.94,Wheat,9593.0
Ethiopia,2020,1183.7,29.23,20.52,Maize,11586.0
Kenya,2015,1194.7,36.74,24.78,Rice,10517.0
Nigeria,2017,781.9,7.66,21.42,Maize,9242.0
Kenya,2017,1246.5,13.99,18.81,Cassava,11518.0
Ethiopia,2020,1053.1,3.46,24.4,Wheat,8258.0
Kenya,2002,887.1,36.54,21.74,Rice,11219.0
Kenya,2018,828.2,77.64,23.96,Maize,8683.0
Nigeria,2001,2035.1,15.86,20.18,Maize,11450.0
Tanzania,2009,1007.8,2.72,17.16,Wheat,7229.0
India,2012,590.1,24.22,28.94,Maize,6077.0
Kenya,2007,855.6,7.22,28.19,Sorghum,3624.0
Kenya,2003,1082.0,8.75,25.54,Cassava,12158.0
Ethiopia,2004,1291.3,24.56,20.45,Cassava,13594.0
India,2017,1294.2,18.24,20.8,Wheat,7651.0
India,2006,1336.8,10.07,27.53,Sorghum,5607.0
Tanzania,2006,874.3,8.85,20.58,Potatoes,16278.0
Ethiopia,2019,1219.2,16.46,19.47,Maize,8835.0
Kenya,2003,793.4,10.72,29.49,Maize,6294.0
Kenya,2019,883.1,6.13,21.81,Potatoes,17361.0
Kenya,2019,778.8,11.4,29.07,Rice,6263.0
Kenya,2012,684.1,19.52,16.41,Maize,6545.0
Tanzania,2003,1472.5,12.9,24.07,Cassava,11681.0
Ethiopia,2003,1341.0,4.8,30.28,Sorghum,4343.0
Tanzania,2005,1441.8,32.83,22.12,Potatoes,17293.0
Nigeria,2012,1113.8,1.66,20.94,Cassava,11215.0
Nigeria,2003,1371.9,10.41,17.33,Cassava,10216.0
Nigeria,2009,483.5,9.06,26.33,Cassava,10433.0
Tanzania,2002,1402.1,16.75,18.92,Wheat,6486.0
Kenya,2011,1162.0,23.32,21.62,Cassava,12228.0
Kenya,2000,1319.5,36.65,17.06,Potatoes,19131.0
Nigeria,2014,1233.0,8.42,28.23,Sorghum,6800.0
Ethiopia,2001,754.5,23.79,26.62,Cassava,8931.0
Nigeria,2004,575.7,17.4,21.87,Maize,8995.0
India,2003,850.8,3.78,17.38,Rice,7479.0
Nigeria,2017,1297.7,68.06,28.14,Maize,8304.0
Ethiopia,2001,1341.5,4.71,20.54,Wheat,8123.0
Ethiopia,2009,621.2,20.81,17.58,Rice,9605.0
India,2012,756.6,20.33,14.95,Cassava,9474.0
Ethiopia,2010,846.9,18.55,19.42,Cassava,10697.0
Nigeria,2014,974.9,10.02,16.18,Rice,9306.0
Nigeria,2016,623.3,28.84,19.51,Wheat,5005.0
India,2008,602.3,4.27,24.98,Potatoes,15512.0
India,2017,812.4,14.12,20.5,Cassava,10356.0
Nigeria,2006,1130.2,9.48,23.42,Cassava,12308.0
Ethiopia,2020,686.8,8.66,19.11,Wheat,6382.0
Ethiopia,2010,1059.5,20.97,22.26,Wheat,7815.0
Nigeria,2015,1470.5,35.23,29.68,Sorghum,5150.0
Ethiopia,2018,644.4,11.31,20.61,Wheat,6820.0
India,2016,1027.7,27.79,23.54,Wheat,8058.0
Ethiopia,2017,1458.7,15.48,15.74,Maize,8811.0
India,2011,953.6,7.28,28.08,Rice,7688.0
India,2000,899.2,12.11,20.09,Rice,9757.0
Tanzania,2010,1507.2,11.71,26.2,Potatoes,18840.0
Kenya,2003,992.8,8.52,21.51,Wheat,6901.0
India,2018,1486.6,20.96,24.45,Sorghum,6962.0
Kenya,2004,1250.1,17.95,24.68,Sorghum,7541.0
Ethiopia,2004,980.0,4.17,20.19,Rice,8779.0
Kenya,2005,1267.9,3.97,26.37,Wheat,8715.0
Kenya,2013,1212.2,20.9,18.96,Potatoes,16660.0
Kenya,2011,1457.3,7.75,25.11,Sorghum,6376.0
Kenya,2019,908.1,18.95,20.44,Rice,8817.0
Tanzania,2008,1114.4,27.79,23.4,Wheat,9950.0
Kenya,2005,1078.5,5.38,20.15,Potatoes,17147.0
Ethiopia,2001,1346.5,4.81,22.2,Rice,10282.0
India,2000,741.2,56.8,17.7,Rice,8717.0
Tanzania,2007,1455.9,19.71,22.99,Rice,11141.0
Tanzania,2019,1263.2,10.64,22.18,Wheat,7842.0
Kenya,2010,639.1,7.05,19.84,Sorghum,4982.0
Tanzania,2018,1522.9,9.89,21.78,Rice,7920.0
India,2002,1881.9,5.74,22.54,Rice,11665.0
Kenya,2001,1450.6,30.17,19.53,Potatoes,18686.0
Nigeria,2017,1599.4,7.99,21.48,Rice,12461.0
Tanzania,2002,1129.9,35.69,17.98,Maize,10371.0
Ethiopia,2001,518.5,10.8,31.38,Cassava,6672.0
Kenya,2008,454.6,6.46,26.24,Maize,7824.0
Tanzania,2019,1189.3,10.58,23.09,Potatoes,17130.0
Tanzania,2014,892.8,1.82,26.69,Wheat,6893.0
Tanzania,2002,779.9,13.51,14.08,Wheat,3783.0
Tanzania,2017,1078.0,12.99,11.77,Maize,3690.0
Tanzania,2017,1315.5,28.78,20.4,Cassava,12444.0
Nigeria,2016,591.5,3.29,16.49,Rice,9143.0
Kenya,2018,942.9,37.69,21.05,Rice,10262.0
India,2005,1628.5,28.69,22.82,Sorghum,9029.0
Ethiopia,2020,723.6,40.51,25.68,Maize,7916.0
Nigeria,2006,1404.4,14.27,17.45,Potatoes,19014.0
India,2016,930.3,33.49,23.6,Rice,9247.0
Tanzania,2012,1291.0,4.59,22.06,Potatoes,18512.0
Ethiopia,2016,1484.1,26.32,23.39,Maize,10768.0
Ethiopia,2013,1359.4,8.03,19.92,Cassava,13012.0
India,2013,1418.2,3.97,27.53,Wheat,7028.0
Kenya,2012,696.9,6.05,21.59,Sorghum,4751.0
Nigeria,2016,1489.8,14.95,29.1,Sorghum,6228.0
India,2015,801.6,7.69,18.84,Rice,10388.0
Nigeria,2002,1190.8,20.1,24.97,Maize,9199.0
Ethiopia,2017,1190.4,3.5,21.76,Wheat,6317.0
Tanzania,2011,1269.8,2.71,20.69,Sorghum,7106.0
Ethiopia,2006,1217.9,44.61,24.53,Cassava,12263.0
India,2010,804.7,30.66,20.8,Cassava,11248.0
Nigeria,2020,627.5,6.43,11.35,Wheat,2376.0
Kenya,2018,1405.3,14.84,10.0,Potatoes,11724.0
Nigeria,2017,1165.0,33.64,27.09,Maize,8860.0
Kenya,2009,1502.3,20.81,26.92,Sorghum,6237.0
Tanzania,2016,1084.3,16.75,29.55,Rice,8995.0
India,2008,608.2,35.73,21.93,Sorghum,5601.0
Ethiopia,2014,1438.1,8.29,16.83,Sorghum,4973.0
Nigeria,2013,970.4,15.26,20.32,Cassava,10861.0
India,2005,1219.7,14.67,22.05,Rice,10429.0
Ethiopia,2005,873.4,11.96,17.97,Rice,8054.0
Ethiopia,2001,1675.5,10.89,28.59,Potatoes,15987.0
Nigeria,2002,793.2,15.77,30.96,Maize,6143.0
Ethiopia,2009,981.9,15.3,23.91,Maize,9841.0
India,2010,1137.6,6.43,21.96,Potatoes,17468.0
Kenya,2003,717.7,28.26,16.82,Sorghum,4860.0
Tanzania,2008,1215.7,6.81,28.19,Potatoes,16624.0
Ethiopia,2012,1664.2,12.5,22.31,Sorghum,8387.0
Nigeria,2004,928.3,11.75,20.84,Wheat,8203.0
Kenya,2007,1238.3,19.82,23.92,Rice,8010.0
Ethiopia,2007,250.0,2.73,19.66,Potatoes,15628.0
India,2010,1086.4,30.35,22.59,Rice,10696.0
Ethiopia,2007,990.4,8.66,16.23,Maize,7441.0
Kenya,2015,813.5,39.49,26.35,Maize,8364.0
Nigeria,2006,1478.5,10.15,21.58,Cassava,13773.0
Kenya,2009,985.8,14.31,26.64,Potatoes,16789.0
Ethiopia,2007,1037.9,68.79,21.2,Wheat,9943.0
Nigeria,2003,968.0,11.92,21.46,Wheat,8809.0
Nigeria,2014,429.1,40.09,17.15,Maize,7580.0
India,2004,703.8,15.35,25.04,Cassava,10385.0
India,2006,1436.4,20.75,18.5,Maize,7054.0
Tanzania,2016,361.5,15.74,20.05,Sorghum,4467.0
Kenya,2019,831.8,29.32,22.0,Wheat,6152.0
Ethiopia,2014,960.1,8.6,22.48,Rice,10130.0
Kenya,2019,1710.3,6.77,15.18,Wheat,7006.0
Kenya,2017,1369.0,8.93,21.08,Sorghum,7534.0
Ethiopia,2010,905.0,16.12,25.18,Maize,10034.0
Nigeria,2016,1556.6,12.47,20.49,Rice,11385.0
Tanzania,2006,840.8,26.26,21.1,Wheat,9460.0
India,2009,1453.2,42.26,22.65,Wheat,9021.0
India,2011,624.4,6.82,21.5,Wheat,5285.0
India,2020,1475.6,8.27,17.88,Cassava,11300.0
Kenya,2017,957.9,4.72,21.85,Rice,9342.0
Tanzania,2010,740.0,75.51,25.98,Rice,10182.0
Tanzania,2013,1024.0,18.99,17.8,Rice,8489.0
Kenya,2004,1197.1,21.84,20.5,Cassava,11892.0
Nigeria,2016,926.8,5.09,16.47,Rice,8496.0
Tanzania,2011,1293.9,14.87,25.77,Rice,9628.0
Nigeria,2011,896.0,22.36,21.63,Wheat,8531.0
Tanzania,2016,1317.1,12.16,18.6,Wheat,8337.0
Tanzania,2013,1254.8,35.18,22.37,Maize,11232.0
Nigeria,2001,1078.7,94.58,17.19,Potatoes,18151.0
Kenya,2006,945.5,6.98,17.87,Maize,9298.0
Ethiopia,2003,1153.0,6.57,16.16,Wheat,5173.0
Ethiopia,2015,1292.6,7.37,17.73,Wheat,6185.0
Nigeria,2000,1821.6,53.78,27.43,Wheat,7895.0
Nigeria,2004,1428.8,34.26,19.07,Sorghum,7479.0
Nigeria,2012,1441.6,13.35,23.86,Potatoes,19997.0
Kenya,2014,2181.0,15.32,18.65,Cassava,13282.0
Ethiopia,2010,1280.6,7.74,25.04,Rice,9789.0
India,2018,1269.6,30.33,17.9,Cassava,11496.0
Kenya,2019,1346.4,10.98,22.16,Maize,10441.0
Ethiopia,2002,746.9,12.08,22.21,Potatoes,16892.0
Tanzania,2020,944.6,24.22,31.31,Sorghum,1960.0
Kenya,2012,922.8,12.8,24.52,Potatoes,16025.0
Nigeria,2013,1326.7,12.33,19.63,Cassava,12036.0
Ethiopia,2001,1039.0,15.01,24.74,Wheat,8533.0
Kenya,2013,1148.4,28.11,30.55,Maize,6538.0
Nigeria,2015,1480.6,55.55,15.48,Sorghum,5713.0
Nigeria,2012,1402.1,23.77,18.63,Maize,11243.0
Kenya,2001,1043.4,28.29,21.05,Sorghum,5953.0
Kenya,2010,865.5,12.68,20.33,Sorghum,7047.0
Kenya,2019,1497.3,8.45,20.67,Cassava,13904.0
India,2015,1370.9,25.11,16.78,Rice,9618.0
Tanzania,2002,537.8,17.06,27.62,Cassava,8071.0
Kenya,2020,990.4,4.77,16.31,Wheat,7954.0
Ethiopia,2020,1157.9,11.44,21.2,Rice,10739.0
Ethiopia,2003,1372.6,13.92,26.18,Maize,9150.0
Ethiopia,2016,1418.5,9.89,21.88,Sorghum,8129.0
Ethiopia,2008,1199.4,48.69,18.08,Sorghum,7310.0
Kenya,2012,1304.8,21.84,16.61,Sorghum,6869.0
Nigeria,2009,1122.4,44.64,21.08,Sorghum,6705.0
Ethiopia,2016,864.2,18.37,18.97,Wheat,7351.0
Ethiopia,2020,1008.6,15.88,22.82,Maize,8359.0
Ethiopia,2016,1106.6,7.03,16.39,Cassava,11226.0
Tanzania,2019,1087.9,15.02,25.25,Rice,9722.0
India,2019,440.0,15.04,22.46,Maize,8137.0
Nigeria,2001,960.9,4.98,22.76,Cassava,11731.0
Ethiopia,2005,1119.7,9.66,27.76,Cassava,10387.0
Tanzania,2015,1001.5,11.49,20.25,Rice,9056.0
Tanzania,2012,1013.6,20.71,19.1,Sorghum,6773.0
Kenya,2001,1270.8,21.52,19.81,Maize,11043.0
Tanzania,2001,722.4,9.35,21.23,Maize,8102.0
India,2010,530.2,21.65,21.64,Wheat,6983.0
Kenya,2012,978.1,12.86,18.68,Potatoes,17537.0
India,2003,1367.4,1.5,13.91,Maize,6791.0
Kenya,2003,1690.6,10.1,19.76,Maize,9070.0
Kenya,2002,1373.7,35.28,23.44,Sorghum,6087.0
Kenya,2011,586.1,3.88,22.55,Sorghum,4431.0
Nigeria,2000,1018.7,16.28,26.8,Sorghum,3724.0
India,2012,1189.8,52.89,29.82,Sorghum,5625.0
Nigeria,2009,1162.2,8.1,25.04,Sorghum,6794.0
Kenya,2009,1288.8,14.91,27.53,Potatoes,16956.0
Kenya,2014,779.0,5.24,25.07,Potatoes,14698.0
Tanzania,2010,1122.7,54.7,28.84,Cassava,8944.0
Tanzania,2015,1247.1,13.92,29.4,Rice,8084.0
India,2016,1389.0,15.45,25.8,Maize,11109.0
Kenya,2019,818.0,43.97,24.83,Sorghum,5271.0
Tanzania,2016,979.2,25.26,21.18,Wheat,8480.0
India,2010,250.0,7.39,21.83,Cassava,9428.0
Nigeria,2010,882.5,8.87,20.65,Rice,9942.0
Kenya,2004,916.5,22.11,24.49,Cassava,12463.0
Tanzania,2012,743.1,9.03,19.12,Maize,7985.0
Nigeria,2002,1158.0,2.74,21.24,Potatoes,17641.0
Kenya,2019,1080.4,14.26,12.58,Rice,7373.0
Ethiopia,2017,309.3,4.55,28.89,Rice,6352.0
Nigeria,2002,1175.4,54.22,21.12,Wheat,9846.0
Kenya,2016,775.1,17.14,23.82,Cassava,10496.0
Ethiopia,2002,1270.0,7.21,27.83,Rice,10338.0
Nigeria,2015,651.4,8.51,23.2,Cassava,11442.0
Tanzania,2001,1110.5,3.28,27.78,Rice,8982.0
Kenya,2010,1000.9,6.17,17.03,Maize,8103.0
Nigeria,2013,1206.1,33.55,31.59,Cassava,8264.0
Tanzania,2015,1143.6,88.71,26.35,Wheat,8194.0
Tanzania,2008,1010.7,26.61,22.84,Wheat,7393.0
Tanzania,2019,562.3,13.82,27.7,Cassava,10246.0
Kenya,2016,583.0,10.53,17.33,Cassava,9574.0
Tanzania,2004,895.6,6.92,20.85,Cassava,10067.0
Tanzania,2014,1097.1,77.31,27.78,Rice,8160.0
Ethiopia,2015,887.1,12.79,14.53,Sorghum,2080.0
Nigeria,2007,1318.8,80.84,24.24,Wheat,9944.0
Nigeria,2015,1002.3,45.37,24.13,Sorghum,5845.0
Nigeria,2018,762.2,3.7,29.88,Potatoes,14910.0
Ethiopia,2017,1002.7,8.73,15.67,Maize,7656.0
Tanzania,2016,1179.1,8.71,28.44,Rice,8401.0
Tanzania,2013,1213.7,13.96,19.76,Rice,10649.0
Ethiopia,2005,1757.4,14.18,20.21,Wheat,9378.0
Tanzania,2016,865.9,100.0,17.11,Rice,7491.0
Ethiopia,2007,1074.3,6.29,17.65,Potatoes,16814.0
India,2011,1249.1,17.87,23.61,Maize,9982.0
Nigeria,2006,1091.8,24.37,17.55,Maize,10553.0
Nigeria,2006,924.8,14.86,24.96,Sorghum,7581.0
Kenya,2003,557.8,16.25,19.35,Rice,7428.0
India,2020,921.2,6.45,17.15,Potatoes,15949.0
Ethiopia,2003,724.2,16.2,19.89,Potatoes,15726.0
Ethiopia,2001,495.7,22.4,23.35,Potatoes,18213.0
Kenya,2019,821.5,19.34,20.89,Rice,10454.0
Tanzania,2011,733.5,23.48,22.14,Rice,9881.0
Kenya,2009,1304.3,46.07,24.78,Sorghum,7161.0
India,2015,1310.4,31.49,26.33,Cassava,12954.0
Tanzania,2008,783.6,15.75,20.76,Wheat,8181.0
Kenya,2002,1008.9,5.83,17.82,Sorghum,6364.0
Nigeria,2015,449.6,9.21,22.3,Cassava,11234.0
Nigeria,2003,927.0,12.48,23.88,Maize,8953.0
Ethiopia,2011,1239.6,18.21,16.16,Sorghum,6154.0
India,2019,1388.7,10.15,18.44,Rice,10771.0
Nigeria,2019,850.4,7.04,19.12,Cassava,11133.0
Nigeria,2007,1468.1,5.75,21.17,Potatoes,18669.0
Nigeria,2016,569.5,3.97,18.96,Cassava,11615.0
Tanzania,2012,663.3,12.33,24.83,Maize,9682.0
India,2010,1348.4,4.59,15.58,Maize,7206.0
Ethiopia,2002,1684.9,6.68,15.68,Cassava,11273.0
Tanzania,2007,1272.7,10.86,20.66,Potatoes,18598.0
Tanzania,2013,1085.9,5.11,21.3,Potatoes,18281.0
Tanzania,2020,331.7,20.16,16.18,Wheat,4238.0
India,2000,392.1,26.9,19.57,Wheat,7696.0
Ethiopia,2015,1145.3,9.59,20.4,Sorghum,6928.0
India,2017,974.7,10.49,20.43,Wheat,7669.0
Ethiopia,2019,713.0,22.87,22.61,Potatoes,18978.0
Ethiopia,2008,1122.9,8.4,19.35,Wheat,7177.0
Nigeria,2002,1140.3,7.96,27.91,Wheat,6476.0
Tanzania,2005,1430.5,38.75,23.95,Maize,9329.0
Nigeria,2017,1147.8,30.19,18.77,Cassava,12054.0
Ethiopia,2018,1529.9,24.08,22.38,Cassava,11881.0
Nigeria,2013,1102.8,31.2,22.5,Maize,10756.0
Ethiopia,2002,1059.6,3.06,26.86,Rice,9393.0
India,2002,1472.5,43.95,19.6,Potatoes,18590.0
Ethiopia,2010,757.5,20.36,25.07,Rice,9158.0
Nigeria,2012,2085.1,33.4,22.17,Sorghum,9972.0
Ethiopia,2000,1231.3,20.28,27.97,Wheat,5689.0
Ethiopia,2014,1233.3,15.47,27.16,Maize,8929.0
Tanzania,2011,1283.8,11.94,22.79,Rice,11205.0
Ethiopia,2000,1757.0,19.96,20.95,Potatoes,18011.0
Kenya,2002,1377.4,11.6,24.03,Wheat,8736.0
Ethiopia,2009,538.2,29.79,21.28,Sorghum,4101.0
Nigeria,2015,1591.2,4.18,28.72,Maize,8625.0
Kenya,2017,980.7,9.65,22.31,Maize,8051.0
Ethiopia,2009,1137.5,76.39,20.38,Potatoes,20318.0
Kenya,2006,652.3,9.02,20.16,Potatoes,15677.0
Nigeria,2020,1284.2,12.29,17.15,Wheat,5965.0
India,2009,872.0,7.34,24.23,Wheat,6926.0
Tanzania,2006,1135.1,19.47,18.72,Maize,8833.0
Ethiopia,2009,1000.6,8.26,26.39,Potatoes,15603.0
Tanzania,2000,1773.8,12.83,16.83,Rice,10964.0
Ethiopia,2006,1793.8,29.34,22.51,Maize,9582.0
India,2010,1116.3,8.51,26.6,Rice,8098.0
Nigeria,2019,1122.4,27.96,13.39,Cassava,8736.0
India,2015,969.3,28.73,30.07,Wheat,5352.0
India,2016,1487.1,34.6,20.3,Cassava,14026.0
Nigeria,2011,984.9,16.65,22.56,Wheat,8895.0
Ethiopia,2002,952.5,100.0,24.29,Wheat,8523.0
Nigeria,2008,1442.5,34.59,24.9,Wheat,6628.0
Tanzania,2020,911.6,19.3,23.1,Wheat,7793.0
Tanzania,2000,1086.8,7.38,25.99,Maize,10009.0
Tanzania,2018,546.5,13.77,24.08,Potatoes,17725.0
Kenya,2014,1346.5,46.57,29.04,Rice,9345.0
Nigeria,2005,1779.3,58.42,24.09,Sorghum,7724.0
Kenya,2016,1352.4,48.55,29.86,Rice,7952.0
India,2017,1611.6,27.89,25.6,Rice,12520.0
Tanzania,2000,803.9,5.45,14.78,Rice,5827.0
Kenya,2002,1182.7,21.97,32.44,Maize,3790.0
India,2013,769.9,5.51,19.7,Sorghum,6087.0
Tanzania,2020,1020.3,4.53,27.98,Maize,7214.0
Tanzania,2000,1370.3,18.02,22.11,Sorghum,6121.0
Ethiopia,2013,1135.6,22.61,26.24,Cassava,12902.0
Kenya,2002,605.6,30.65,19.25,Sorghum,5666.0
Tanzania,2013,639.7,22.15,24.5,Rice,8714.0
Tanzania,2013,616.6,22.77,20.99,Wheat,5821.0
Nigeria,2001,1272.0,6.77,28.32,Cassava,12647.0
Tanzania,2014,1822.4,13.68,23.75,Wheat,9254.0
Kenya,2018,1576.9,4.46,25.74,Rice,11663.0
India,2018,436.4,3.0,13.34,Sorghum,2137.0
Kenya,2000,1597.4,26.91,21.66,Cassava,12744.0
Tanzania,2005,1427.7,8.15,23.64,Cassava,12080.0
India,2005,559.1,29.9,22.89,Maize,9644.0
Tanzania,2009,993.9,36.11,25.84,Cassava,12779.0
Nigeria,2003,1483.4,9.07,20.54,Maize,8814.0
Kenya,2017,1292.7,23.86,22.2,Potatoes,18995.0
Kenya,2016,641.8,8.77,26.72,Cassava,9730.0
Ethiopia,2016,1313.8,3.4,12.89,Potatoes,13773.0
India,2004,351.9,16.42,24.36,Cassava,10206.0
Kenya,2000,1022.0,10.21,20.66,Rice,8607.0
Tanzania,2019,1498.3,10.46,18.35,Wheat,7634.0
Ethiopia,2006,1106.4,72.26,23.35,Wheat,8018.0
Nigeria,2013,925.4,4.39,26.91,Rice,8467.0
Ethiopia,2019,1411.3,20.21,26.16,Sorghum,6566.0
Nigeria,2000,1441.2,6.71,21.46,Rice,10244.0
Nigeria,2000,1558.5,30.77,25.5,Sorghum,8954.0
Kenya,2000,1406.0,18.89,25.47,Rice,10778.0
Nigeria,2003,1478.5,20.16,21.65,Wheat,10665.0
India,2001,1356.5,6.99,19.23,Wheat,7599.0
Tanzania,2017,1192.9,8.06,19.46,Potatoes,17361.0
Ethiopia,2012,1131.3,31.24,25.35,Cassava,13535.0
Tanzania,2020,1017.0,61.35,21.83,Cassava,12036.0
Tanzania,2016,675.7,21.85,17.82,Wheat,6066.0
Tanzania,2020,765.6,7.26,15.26,Rice,7997.0
Ethiopia,2005,1001.3,19.51,25.33,Sorghum,4883.0
Tanzania,2006,1184.5,100.0,19.81,Potatoes,19931.0
Nigeria,2017,1604.3,16.15,23.32,Maize,11418.0
Kenya,2005,1085.4,47.92,26.96,Potatoes,18442.0
Ethiopia,2001,1451.2,8.23,16.76,Maize,9884.0
India,2014,1477.8,14.39,21.82,Maize,11335.0
Kenya,2016,1019.0,24.43,21.32,Potatoes,17788.0
Nigeria,2020,1308.1,20.45,23.52,Maize,9504.0
India,2019,1014.8,8.06,26.96,Rice,10547.0
Kenya,2002,1562.7,7.79,16.68,Potatoes,16208.0
Nigeria,2016,1322.5,32.81,24.28,Potatoes,17584.0
Ethiopia,2017,683.3,38.6,26.13,Rice,9525.0
Nigeria,2014,1156.5,49.88,21.25,Maize,11930.0
Ethiopia,2017,1676.8,63.0,21.45,Sorghum,8791.0
Tanzania,2017,1036.6,16.57,23.67,Cassava,12702.0
Kenya,2009,1256.7,11.6,23.38,Cassava,10357.0
Tanzania,2000,1291.1,43.85,24.33,Sorghum,6704.0
India,2009,737.2,26.32,24.25,Rice,7503.0
Tanzania,2004,1278.7,6.78,18.07,Cassava,12323.0
Tanzania,2002,612.2,6.51,25.96,Rice,6946.0
Kenya,2002,881.0,22.06,26.67,Maize,6939.0
Tanzania,2014,1476.5,12.91,22.74,Cassava,13280.0
Nigeria,2010,1224.9,14.57,16.02,Wheat,7761.0
Tanzania,2011,993.4,35.09,21.54,Cassava,11959.0
Tanzania,2015,1256.3,27.31,22.78,Rice,11259.0
Nigeria,2011,1079.0,43.12,17.42,Cassava,12261.0
Ethiopia,2013,1104.4,3.17,20.56,Potatoes,17690.0
Kenya,2001,1329.9,18.22,16.36,Rice,8284.0
Kenya,2017,845.4,25.94,24.43,Wheat,7592.0
Ethiopia,2009,1114.1,4.39,22.66,Cassava,12549.0
Tanzania,2003,990.7,8.81,15.42,Maize,8066.0
Nigeria,2017,545.0,7.6,23.41,Rice,9405.0
Nigeria,2015,777.8,15.14,21.77,Rice,8784.0
Ethiopia,2001,1648.9,54.72,24.07,Potatoes,20378.0
Nigeria,2004,1234.7,75.04,20.43,Wheat,9230.0
India,2000,636.7,7.76,18.79,Potatoes,15820.0
Tanzania,2005,560.9,22.67,18.92,Rice,8481.0
India,2002,1060.7,23.27,19.85,Wheat,6853.0
India,2014,1646.4,20.29,22.08,Wheat,9726.0
Tanzania,2010,1034.6,20.47,22.59,Sorghum,5191.0
Nigeria,2020,1557.4,18.97,21.24,Wheat,8291.0
Tanzania,2015,1223.2,57.4,20.31,Wheat,8327.0
Ethiopia,2012,1264.9,35.94,20.59,Potatoes,20185.0
Kenya,2010,632.5,6.37,32.03,Wheat,3008.0
Nigeria,2001,1428.1,28.12,18.92,Rice,9559.0
Kenya,2001,982.8,30.38,19.77,Wheat,8710.0
Kenya,2012,1402.1,19.14,34.0,Rice,5606.0
Tanzania,2000,815.0,36.79,23.68,Sorghum,5061.0
India,2000,1162.0,17.3,16.48,Potatoes,14375.0
Ethiopia,2004,1223.2,17.47,25.37,Cassava,11877.0
Tanzania,2018,1046.1,16.4,18.36,Sorghum,6861.0
Kenya,2009,1241.6,2.96,25.64,Maize,10413.0
Ethiopia,2014,1006.8,13.95,21.16,Rice,9308.0
India,2008,872.8,8.72,20.24,Wheat,8489.0
Ethiopia,2003,1661.9,5.76,28.44,Potatoes,15373.0
India,2007,1467.1,46.86,24.27,Wheat,8368.0
Tanzania,2001,833.7,22.27,25.89,Cassava,10511.0
Kenya,2016,1299.0,14.53,23.74,Wheat,9077.0
Kenya,2003,840.1,9.47,20.22,Potatoes,18316.0
Tanzania,2007,685.4,18.86,24.45,Maize,9280.0
Nigeria,2020,1461.8,32.89,26.84,Cassava,11141.0
Nigeria,2012,503.6,7.68,22.54,Cassava,11686.0
Nigeria,2009,1424.4,14.82,29.21,Sorghum,5677.0
Nigeria,2011,1011.5,29.8,25.4,Rice,8547.0
India,2016,1026.0,3.16,22.85,Maize,7112.0
Nigeria,2005,1243.4,14.21,23.01,Sorghum,8037.0
Kenya,2013,1303.4,10.55,22.55,Rice,10350.0
India,2018,810.8,13.37,17.0,Cassava,8900.0
India,2012,1351.2,9.96,21.64,Sorghum,6629.0
Kenya,2009,1139.7,16.61,22.88,Potatoes,18349.0
Ethiopia,2003,660.4,69.33,20.34,Cassava,11794.0
India,2005,1040.5,11.48,23.35,Sorghum,4683.0
India,2019,1583.4,18.79,22.09,Rice,12862.0
Kenya,2011,1686.8,73.39,25.09,Maize,12085.0
Kenya,2006,1351.1,9.58,24.65,Maize,9298.0
Nigeria,2008,683.4,63.54,22.67,Rice,10071.0
Nigeria,2012,1271.7,14.94,16.53,Potatoes,17700.0
Tanzania,2011,1397.8,61.9,29.16,Maize,7578.0
Nigeria,2014,1354.0,27.12,21.43,Maize,10861.0
Tanzania,2005,1374.7,19.02,21.68,Sorghum,6007.0
Ethiopia,2013,1227.1,14.12,20.63,Sorghum,6764.0
Nigeria,2009,1074.7,9.03,20.05,Maize,8476.0
Kenya,2019,887.1,15.81,28.18,Potatoes,14766.0
Nigeria,2003,435.7,30.5,27.54,Maize,8714.0
Kenya,2003,1218.9,14.72,23.78,Sorghum,6614.0
Nigeria,2009,1165.1,11.55,21.57,Cassava,12615.0
Ethiopia,2010,1295.2,12.17,24.48,Cassava,10446.0
Kenya,2014,631.9,32.92,22.3,Potatoes,16643.0
Kenya,2008,1325.8,39.65,21.24,Potatoes,19200.0
Nigeria,2019,1819.1,8.73,23.35,Cassava,13925.0
Tanzania,2009,1127.5,8.72,20.24,Potatoes,15932.0
Kenya,2002,1078.4,20.16,23.01,Rice,10315.0
Nigeria,2002,1208.2,50.5,22.82,Sorghum,7915.0
Ethiopia,2020,1811.3,37.22,24.41,Potatoes,20937.0
Tanzania,2002,741.7,5.47,19.52,Cassava,10248.0
Nigeria,2019,1171.1,12.05,24.84,Potatoes,16076.0
Tanzania,2005,820.1,7.07,18.37,Cassava,9822.0
Ethiopia,2001,908.5,12.01,19.71,Maize,7956.0
Kenya,2006,1082.6,53.71,19.88,Maize,10449.0
Nigeria,2012,1571.6,4.77,17.71,Maize,7456.0
India,2008,1730.3,4.08,26.06,Potatoes,17922.0
Tanzania,2016,1256.8,7.67,18.12,Sorghum,7387.0
Tanzania,2012,968.2,18.72,19.2,Wheat,7266.0
Tanzania,2008,1972.5,24.45,27.02,Maize,11278.0
India,2013,950.4,21.11,19.72,Cassava,9895.0
Ethiopia,2020,900.1,38.11,21.25,Sorghum,5085.0
Nigeria,2008,478.8,3.63,17.95,Potatoes,17364.0
Kenya,2003,1588.6,38.5,25.33,Rice,11164.0
Nigeria,2008,1438.9,11.59,25.39,Rice,10816.0
Ethiopia,2017,1946.2,26.71,24.96,Maize,10283.0
Kenya,2004,613.7,5.16,24.15,Wheat,6410.0
Ethiopia,2019,1610.4,14.94,22.29,Cassava,12232.0
Nigeria,2012,1124.5,17.98,19.9,Rice,11514.0
Ethiopia,2012,1382.1,37.51,18.74,Sorghum,9580.0
Tanzania,2006,523.3,4.19,27.16,Sorghum,4352.0
Nigeria,2019,1613.8,15.25,25.06,Wheat,8287.0
Tanzania,2000,1375.3,6.25,19.23,Wheat,5693.0
India,2006,1086.4,22.3,22.16,Sorghum,4907.0
Kenya,2008,1325.8,27.71,20.8,Maize,11467.0
Ethiopia,2010,832.1,41.67,17.49,Rice,8313.0
India,2009,897.2,9.7,22.71,Cassava,10963.0
Nigeria,2003,937.8,31.24,20.34,Sorghum,7197.0
Ethiopia,2004,451.5,44.2,18.19,Sorghum,6337.0
Nigeria,2002,1401.6,4.0,16.08,Maize,8589.0
Tanzania,2012,1517.1,24.29,15.74,Wheat,6777.0
Ethiopia,2007,854.5,32.03,20.51,Wheat,7626.0
Kenya,2011,1221.9,12.1,21.66,Wheat,7399.0
Ethiopia,2012,1007.1,5.65,18.5,Wheat,6532.0
Tanzania,2014,1214.9,31.64,24.6,Cassava,12613.0
India,2011,880.3,5.7,21.74,Maize,8886.0
Tanzania,2013,790.8,12.9,24.31,Sorghum,7512.0
Tanzania,2012,1468.2,14.41,21.27,Potatoes,19217.0
Kenya,2013,1077.6,26.38,18.85,Potatoes,18656.0
Ethiopia,2012,1807.7,9.01,22.46,Wheat,8439.0
Kenya,2006,1116.2,8.6,16.95,Wheat,7009.0
Kenya,2005,775.9,16.11,24.16,Potatoes,16388.0
Tanzania,2016,1529.4,33.29,18.25,Wheat,8788.0
Tanzania,2007,1320.8,92.75,25.67,Sorghum,8210.0
Kenya,2011,1354.4,4.45,20.65,Maize,9809.0
India,2004,1516.7,19.15,26.25,Maize,11678.0
Nigeria,2009,871.5,6.24,17.51,Sorghum,6589.0
Kenya,2011,1055.5,33.62,19.29,Potatoes,18855.0
Tanzania,2013,1040.0,7.02,23.52,Maize,9877.0
Tanzania,2011,648.2,8.67,26.68,Cassava,11557.0
Nigeria,2007,1007.7,9.29,28.67,Maize,6263.0
India,2020,1567.7,14.0,22.17,Cassava,14091.0
Ethiopia,2010,1183.1,19.27,29.35,Sorghum,3568.0
India,2016,628.9,21.91,20.84,Cassava,10344.0
Nigeria,2015,555.5,14.81,26.4,Cassava,10780.0
Tanzania,2011,1682.7,5.14,18.23,Wheat,9450.0
Kenya,2018,1068.4,26.64,23.68,Sorghum,5385.0
Kenya,2002,873.4,14.26,12.63,Wheat,2826.0
Tanzania,2019,1004.1,37.69,17.51,Rice,9556.0
Ethiopia,2017,582.9,8.45,23.87,Wheat,6385.0
Ethiopia,2010,1598.1,4.13,16.75,Rice,10806.0
India,2015,962.4,14.48,23.71,Cassava,14496.0
Kenya,2010,1578.6,41.96,25.63,Rice,11388.0
Nigeria,2005,1118.1,16.92,19.99,Maize,9071.0
Ethiopia,2016,1600.3,12.68,18.12,Wheat,7168.0
Kenya,2005,1189.8,7.42,20.1,Sorghum,6074.0
Tanzania,2006,1398.6,60.72,18.14,Potatoes,17870.0
Kenya,2010,1351.7,6.53,21.6,Potatoes,18785.0
Kenya,2017,1318.2,8.33,22.41,Rice,10924.0
India,2008,1221.8,23.48,20.78,Wheat,7556.0
Tanzania,2010,1018.5,3.37,28.7,Potatoes,17459.0
Kenya,2000,1770.4,41.25,19.12,Potatoes,18779.0
India,2002,782.6,24.52,27.57,Cassava,9788.0
Nigeria,2001,1101.5,30.55,17.84,Potatoes,18376.0
Tanzania,2001,1105.2,23.25,22.29,Cassava,12979.0
Kenya,2018,1240.9,13.08,26.73,Sorghum,6868.0
Tanzania,2017,949.7,6.36,26.53,Maize,8549.0
India,2017,1210.2,13.3,20.32,Rice,11081.0
Tanzania,2001,1040.9,6.82,24.22,Rice,9172.0
Ethiopia,2001,546.3,21.95,23.68,Maize,9230.0
Tanzania,2005,1103.3,28.37,19.84,Wheat,8657.0
India,2011,714.8,48.49,24.46,Sorghum,7088.0
Kenya,2007,493.0,20.03,29.45,Rice,4886.0
Tanzania,2010,1147.9,31.18,23.89,Maize,8916.0
India,2003,1270.8,11.73,24.27,Wheat,8482.0
Ethiopia,2015,1284.3,10.15,24.69,Wheat,5566.0
Nigeria,2006,1298.5,21.74,16.16,Wheat,7589.0
Ethiopia,2001,423.6,10.92,23.84,Maize,8897.0
Nigeria,2015,623.6,18.46,17.93,Sorghum,4586.0
Tanzania,2018,1790.7,6.37,19.64,Sorghum,7297.0
Tanzania,2000,733.5,7.35,30.65,Rice,4992.0
Ethiopia,2009,1313.8,24.74,20.99,Potatoes,18246.0
Tanzania,2017,859.6,30.25,19.04,Cassava,10907.0
Nigeria,2014,1127.9,6.76,26.61,Cassava,10712.0
India,2017,878.4,25.44,18.21,Maize,7704.0
India,2008,1296.5,9.72,20.21,Cassava,11810.0
Nigeria,2007,1147.9,15.08,27.0,Maize,8573.0
Nigeria,2014,943.1,46.23,22.17,Maize,11654.0
Nigeria,2003,732.4,28.39,15.75,Rice,7827.0
Tanzania,2005,1193.7,28.13,24.18,Sorghum,7045.0
Ethiopia,2012,675.5,68.51,20.41,Maize,8882.0
Ethiopia,2014,1249.6,8.47,28.16,Wheat,5938.0
Ethiopia,2002,2019.3,6.76,19.58,Wheat,8045.0
Kenya,2010,1572.6,8.35,26.2,Rice,8875.0
Ethiopia,2007,1351.4,12.14,29.1,Cassava,9299.0
Kenya,2010,1070.0,2.26,18.6,Wheat,7132.0
Kenya,2020,421.4,12.6,21.23,Wheat,7158.0
India,2001,637.2,9.62,23.55,Maize,6529.0
Kenya,2020,1549.0,27.85,18.57,Wheat,7902.0
Nigeria,2009,823.6,19.73,23.08,Maize,8025.0
India,2016,855.3,9.2,21.1,Potatoes,16945.0
India,2008,1042.0,23.85,21.02,Rice,10975.0
Nigeria,2006,728.3,26.54,22.2,Rice,9496.0
Kenya,2016,670.6,8.05,22.29,Sorghum,5350.0
Tanzania,2014,1082.3,10.03,22.66,Potatoes,19222.0
Tanzania,2003,788.0,2.51,19.6,Maize,8825.0
India,2014,840.6,6.22,19.78,Rice,8437.0
Kenya,2015,826.6,8.22,21.53,Wheat,7175.0
Kenya,2008,1282.8,15.79,21.82,Sorghum,6113.0
Ethiopia,2019,1018.8,6.98,20.24,Wheat,7886.0
Kenya,2013,1037.5,9.87,23.3,Maize,9619.0
Tanzania,2007,1308.9,5.58,14.74,Sorghum,3262.0
Ethiopia,2000,1050.3,17.06,19.08,Rice,10040.0
Ethiopia,2014,1002.6,20.92,20.88,Maize,9357.0
Tanzania,2004,1264.7,20.53,18.58,Sorghum,6953.0
Tanzania,2015,1333.9,15.03,28.52,Wheat,7197.0
Ethiopia,2011,1048.5,4.34,22.08,Cassava,12301.0
Ethiopia,2009,1128.2,9.06,22.71,Sorghum,6323.0
Nigeria,2003,826.4,10.74,20.07,Rice,10551.0
India,2014,798.8,10.78,21.94,Potatoes,16333.0
Tanzania,2003,1369.2,15.8,17.14,Potatoes,16397.0
Tanzania,2008,1255.7,46.55,21.32,Potatoes,15964.0
Tanzania,2017,1259.4,28.49,18.25,Maize,9403.0
Kenya,2019,1198.3,6.75,20.89,Wheat,7043.0
Ethiopia,2020,1116.2,25.6,11.76,Wheat,3779.0
Nigeria,2020,1343.7,24.83,17.49,Sorghum,4839.0
Kenya,2011,1427.3,7.81,27.86,Maize,7932.0
Ethiopia,2004,1418.9,29.34,25.32,Potatoes,18989.0
Kenya,2017,1064.7,13.09,27.28,Sorghum,4159.0
Tanzania,2016,1585.4,4.82,27.55,Cassava,11942.0
Kenya,2020,1180.0,21.42,24.69,Wheat,7190.0
Kenya,2013,1321.3,17.7,20.19,Maize,9795.0
Kenya,2002,1198.7,12.4,17.85,Sorghum,6384.0
Kenya,2010,1186.5,14.44,26.59,Maize,9538.0
Nigeria,2009,842.5,8.37,22.26,Maize,9259.0
Ethiopia,2017,1345.5,24.24,31.98,Cassava,7613.0
Tanzania,2008,2095.9,14.37,20.54,Cassava,13718.0
Ethiopia,2006,968.8,17.0,29.89,Sorghum,4157.0
Nigeria,2001,1124.8,19.8,21.37,Cassava,11535.0
India,2017,943.8,5.91,27.34,Maize,7420.0
India,2015,929.2,7.28,28.79,Maize,6433.0
India,2000,1640.6,2.54,17.91,Wheat,7801.0
Ethiopia,2009,864.5,23.38,20.06,Maize,8175.0
Nigeria,2010,934.1,5.64,17.87,Cassava,9405.0
Tanzania,2009,544.4,16.54,17.08,Maize,7725.0
Tanzania,2019,834.8,20.02,24.67,Potatoes,18084.0
India,2003,502.1,24.09,21.21,Cassava,9025.0
India,2006,1321.1,5.68,22.21,Sorghum,7022.0
Tanzania,2003,2079.9,14.12,24.22,Wheat,10740.0
India,2005,971.7,56.61,14.57,Rice,8439.0
Tanzania,2019,516.6,58.64,27.15,Potatoes,15849.0
Kenya,2019,1415.0,32.78,20.6,Sorghum,6468.0
Ethiopia,2000,845.6,19.49,24.13,Rice,9721.0
Kenya,2013,1554.8,6.66,24.48,Wheat,8566.0
Kenya,2004,1001.3,26.44,27.48,Sorghum,5133.0
Nigeria,2004,878.9,13.11,21.58,Cassava,11660.0
Ethiopia,2006,1037.7,23.3,13.51,Rice,6111.0
Nigeria,2004,1365.2,8.97,22.23,Maize,10716.0
Nigeria,2010,1020.4,12.96,22.8,Potatoes,18534.0
India,2020,926.1,16.97,17.86,Cassava,10903.0
Tanzania,2012,1030.4,18.12,22.59,Cassava,12023.0
Tanzania,2015,654.9,22.09,20.56,Rice,10789.0
Ethiopia,2010,1239.0,9.36,16.63,Maize,8006.0
Ethiopia,2000,474.6,5.08,24.69,Potatoes,17449.0
India,2001,944.6,54.59,19.75,Sorghum,5707.0
Kenya,2005,1365.8,100.0,20.37,Cassava,14684.0
Nigeria,2005,1206.1,21.28,20.15,Maize,11129.0
Nigeria,2017,1306.6,5.16,26.94,Wheat,7089.0
Kenya,2017,1077.2,8.02,21.84,Rice,11484.0
India,2017,1509.4,22.36,22.32,Maize,10774.0
Ethiopia,2013,1423.6,43.51,20.24,Cassava,12355.0
Kenya,2011,1256.1,5.64,23.85,Maize,9157.0
India,2013,1424.6,13.47,27.4,Potatoes,18245.0
Kenya,2008,1362.6,17.4,24.59,Cassava,13087.0
India,2014,946.2,29.72,24.75,Sorghum,4935.0
Kenya,2016,629.6,11.3,24.42,Sorghum,4965.0
Nigeria,2016,1247.1,4.26,16.48,Wheat,7119.0
Tanzania,2012,1291.1,24.46,18.5,Sorghum,6098.0
Ethiopia,2001,1481.7,36.59,21.18,Rice,13600.0
India,2015,772.3,13.93,19.1,Maize,8439.0
India,2007,782.7,20.58,17.74,Rice,8559.0
Tanzania,2015,1261.0,10.18,14.51,Rice,9075.0
Kenya,2011,1075.1,7.56,16.61,Potatoes,16145.0
India,2018,440.0,33.82,20.97,Wheat,7335.0
Tanzania,2007,1231.3,20.29,21.72,Rice,9109.0
India,2019,451.7,22.03,18.83,Rice,7863.0
Kenya,2017,769.2,49.49,22.32,Wheat,8474.0
Tanzania,2006,1573.1,6.4,20.26,Sorghum,8734.0
Kenya,2010,1738.7,9.57,26.36,Wheat,7516.0
Nigeria,2011,674.5,16.88,21.35,Sorghum,5118.0
Nigeria,2016,984.7,9.47,24.79,Wheat,7970.0
Nigeria,2014,1114.9,27.84,22.81,Cassava,11980.0
Nigeria,2017,1723.4,12.81,16.39,Rice,10227.0
Kenya,2007,927.5,6.73,21.64,Maize,9724.0
Nigeria,2010,933.1,15.68,17.06,Maize,7899.0
Tanzania,2009,1642.1,17.05,21.57,Sorghum,5991.0
Nigeria,2019,968.8,31.43,19.02,Cassava,10732.0
Ethiopia,2006,1352.8,20.38,23.53,Wheat,8486.0
Tanzania,2012,583.0,21.52,16.63,Potatoes,14031.0
Kenya,2002,1040.1,19.23,22.06,Potatoes,17609.0
Nigeria,2017,519.1,12.8,24.29,Maize,7045.0
Nigeria,2008,730.6,8.39,25.63,Rice,10516.0
Nigeria,2007,1393.7,18.75,18.94,Sorghum,9076.0
Tanzania,2012,1082.5,11.4,22.07,Cassava,11000.0
Nigeria,2010,988.3,57.5,22.74,Cassava,12944.0
Tanzania,2017,837.9,43.54,28.19,Maize,6809.0
Kenya,2011,1022.8,24.69,16.07,Wheat,5862.0
India,2010,1205.4,20.14,18.36,Rice,11379.0
Nigeria,2002,1444.0,13.87,33.22,Maize,4502.0
Ethiopia,2000,250.0,5.43,20.91,Potatoes,15820.0
Ethiopia,2008,808.9,12.52,14.44,Maize,5544.0
India,2020,1155.7,16.14,19.67,Maize,10272.0
India,2019,1065.4,17.88,10.92,Maize,855.0
India,2013,1241.2,21.66,22.96,Wheat,7615.0
Kenya,2013,1193.6,31.1,25.24,Sorghum,6379.0
Nigeria,2008,993.3,8.55,18.35,Wheat,6620.0
Tanzania,2003,915.6,8.62,20.12,Cassava,12161.0
Kenya,2000,1014.1,47.5,25.69,Wheat,8511.0
Nigeria,2007,1502.1,27.57,15.0,Maize,7442.0
Nigeria,2006,843.8,10.88,16.71,Rice,10546.0
Tanzania,2004,1078.0,13.66,21.09,Sorghum,5158.0
Ethiopia,2005,1164.2,13.71,18.99,Maize,10519.0
Nigeria,2000,1646.1,15.26,20.82,Maize,11123.0
India,2012,994.9,21.72,16.94,Cassava,10111.0
Kenya,2019,1435.6,100.0,22.86,Potatoes,19557.0
Tanzania,2014,1531.2,17.32,21.4,Rice,11182.0
Tanzania,2009,1077.7,25.28,24.2,Sorghum,6621.0
India,2008,1026.2,3.86,22.8,Cassava,10659.0
India,2006,984.8,10.1,22.83,Rice,9477.0
India,2002,1010.5,39.77,16.21,Potatoes,15820.0
India,2012,1399.0,20.53,23.97,Maize,8817.0
Tanzania,2011,1180.9,0.44,20.68,Wheat,6990.0
Nigeria,2000,1182.4,25.51,21.33,Potatoes,17629.0
Nigeria,2008,706.2,69.03,26.19,Wheat,6920.0
India,2005,761.4,3.01,19.12,Cassava,10937.0
Kenya,2003,1850.2,50.17,27.4,Cassava,12917.0
Tanzania,2014,1037.8,1.62,27.78,Wheat,7782.0
India,2011,828.8,31.51,25.01,Rice,7299.0
India,2013,1600.9,14.78,18.08,Wheat,8474.0
Ethiopia,2014,1198.6,2.27,13.25,Potatoes,14735.0
Ethiopia,2020,1302.4,21.26,26.32,Maize,10080.0
Nigeria,2016,1051.7,37.36,22.45,Rice,11410.0
India,2013,988.5,19.91,19.02,Potatoes,17125.0
India,2018,1040.6,23.76,26.69,Potatoes,17010.0
India,2010,616.0,10.7,18.55,Potatoes,15512.0
Tanzania,2020,1069.2,3.36,20.3,Wheat,8025.0
Tanzania,2015,1203.6,25.88,24.1,Sorghum,5047.0
India,2013,1747.7,60.33,17.55,Sorghum,8256.0
Ethiopia,2018,1130.1,36.73,21.56,Sorghum,7008.0
Nigeria,2010,283.0,3.03,26.36,Rice,7276.0
Nigeria,2015,1067.1,4.43,22.84,Cassava,11873.0
India,2005,2058.8,7.56,26.99,Rice,10779.0
Tanzania,2020,1403.2,4.16,26.53,Sorghum,7292.0
Ethiopia,2013,816.2,15.42,22.03,Wheat,10237.0
Nigeria,2016,1306.9,20.38,12.65,Wheat,5847.0
Kenya,2009,840.3,4.74,17.58,Potatoes,15831.0
India,2018,626.2,27.71,25.05,Potatoes,17140.0
Nigeria,2001,978.1,24.07,15.8,Sorghum,5588.0
Nigeria,2002,1132.0,9.6,20.69,Wheat,7225.0
Nigeria,2010,444.7,12.96,23.35,Cassava,9656.0
Ethiopia,2015,697.8,3.13,27.88,Wheat,5270.0
Nigeria,2016,1103.6,11.41,19.7,Potatoes,18788.0
India,2009,957.1,14.97,19.43,Cassava,9781.0
Ethiopia,2013,1238.2,17.03,21.79,Potatoes,17829.0
Kenya,2011,674.9,20.15,23.4,Sorghum,6014.0
Ethiopia,2020,1349.9,18.09,21.38,Cassava,12762.0
Kenya,2013,685.7,12.04,26.2,Cassava,11471.0
Ethiopia,2008,1675.0,18.71,18.8,Rice,9935.0
India,2020,499.5,33.17,22.48,Rice,11103.0
Kenya,2002,717.6,13.79,23.78,Wheat,5359.0
India,2020,1246.1,19.18,20.4,Potatoes,16288.0
Ethiopia,2003,1682.5,12.82,25.36,Cassava,12833.0
Tanzania,2006,1210.3,8.87,22.6,Rice,9359.0
India,2017,1297.0,22.61,25.16,Rice,10110.0
Ethiopia,2015,1106.1,9.54,22.78,Maize,9483.0
Nigeria,2020,740.8,20.27,23.51,Rice,9555.0
Kenya,2015,928.5,15.22,19.47,Wheat,6325.0
Kenya,2013,675.8,11.67,19.48,Cassava,11065.0
Tanzania,2007,652.5,11.44,26.9,Potatoes,15642.0
Tanzania,2000,1240.6,9.91,24.54,Maize,10480.0
Kenya,2002,706.9,3.99,17.91,Maize,7499.0
Ethiopia,2006,1211.8,20.21,22.72,Cassava,11578.0
Kenya,2000,644.4,17.91,12.5,Cassava,5410.0
Ethiopia,2010,1203.7,29.36,19.7,Sorghum,6697.0
Ethiopia,2016,929.0,9.73,25.84,Maize,7382.0
Ethiopia,2020,1592.3,67.78,21.5,Maize,10294.0
Nigeria,2010,1213.3,10.98,22.47,Wheat,8799.0
Kenya,2018,1532.5,7.39,10.0,Sorghum,300.0
Tanzania,2020,835.5,6.72,20.43,Sorghum,6999.0
India,2018,1119.7,3.72,23.35,Cassava,11780.0
India,2009,756.6,50.71,23.86,Maize,8930.0
Kenya,2006,955.2,44.56,25.85,Maize,7972.0
India,2020,1008.3,24.06,21.16,Cassava,12435.0
Tanzania,2005,845.9,7.27,21.34,Cassava,11348.0
Kenya,2008,674.6,63.37,16.67,Sorghum,4339.0
India,2001,605.3,11.23,21.18,Maize,8350.0
Ethiopia,2016,281.1,12.0,16.95,Maize,5138.0
India,2013,730.3,46.98,14.61,Maize,5081.0
Nigeria,2001,1319.6,25.21,17.66,Sorghum,5625.0
Tanzania,2004,540.5,86.56,28.03,Cassava,10563.0
Kenya,2011,621.2,18.16,20.92,Potatoes,16883.0
Ethiopia,2011,1726.8,10.83,22.88,Wheat,10171.0
Ethiopia,2016,877.2,9.12,19.95,Sorghum,5049.0
Ethiopia,2005,1212.4,3.4,14.84,Maize,7927.0
Ethiopia,2019,1324.8,11.91,25.74,Sorghum,6360.0
Ethiopia,2009,1331.9,37.18,13.31,Cassava,8742.0
Kenya,2017,567.2,24.02,19.78,Sorghum,5533.0
India,2005,1019.1,15.12,21.78,Cassava,11607.0
Nigeria,2000,533.6,6.71,22.92,Potatoes,16370.0
Tanzania,2001,1956.2,17.84,19.09,Rice,11829.0
India,2007,541.8,33.46,14.65,Wheat,4145.0
Kenya,2020,733.3,21.0,18.8,Cassava,10628.0
Kenya,2001,735.8,17.0,19.0,Sorghum,4899.0
Nigeria,2007,576.2,7.87,18.91,Wheat,5281.0
Nigeria,2002,1573.4,29.78,25.88,Cassava,12998.0
Ethiopia,2019,1947.9,1.21,17.15,Maize,9521.0
India,2014,933.5,20.21,23.2,Potatoes,16573.0
Nigeria,2016,637.9,100.0,22.63,Wheat,8169.0
India,2014,317.1,4.45,25.84,Potatoes,15961.0
Kenya,2013,1014.6,12.27,21.47,Rice,10070.0
Tanzania,2016,989.3,14.79,25.16,Rice,9070.0
Ethiopia,2000,872.0,10.28,21.31,Sorghum,5537.0
Nigeria,2018,1177.5,34.09,23.74,Sorghum,7738.0
Nigeria,2015,1238.3,21.71,15.99,Rice,7167.0
Tanzania,2015,1213.1,16.81,11.45,Cassava,8027.0
Ethiopia,2008,989.4,28.16,23.51,Rice,8510.0
Ethiopia,2016,714.4,15.08,23.72,Maize,7390.0
Ethiopia,2008,1333.0,100.0,23.9,Maize,10807.0
Ethiopia,2001,1104.4,16.79,19.9,Wheat,9736.0
Kenya,2019,1410.9,17.4,27.96,Sorghum,7077.0
Kenya,2004,1376.5,3.79,20.16,Potatoes,18869.0
Ethiopia,2002,602.4,9.63,23.68,Rice,9363.0
Nigeria,2013,598.0,37.26,24.38,Rice,7844.0
Ethiopia,2004,835.6,5.11,28.87,Cassava,9429.0
Ethiopia,2018,730.3,2.65,20.73,Potatoes,16580.0
India,2009,1364.3,15.27,19.39,Maize,8888.0
Ethiopia,2000,1223.0,44.55,16.01,Maize,8882.0
Tanzania,2019,1484.7,15.39,28.21,Rice,8938.0
India,2010,1238.8,11.37,23.69,Rice,10950.0
Kenya,2005,1173.0,3.36,23.81,Cassava,10041.0
Ethiopia,2014,1519.9,21.37,34.0,Potatoes,12752.0
Kenya,2011,1264.4,25.25,23.3,Sorghum,6093.0
Ethiopia,2000,1123.8,3.58,16.79,Potatoes,16436.0
Ethiopia,2015,1618.2,36.88,21.22,Rice,12060.0
Kenya,2008,1140.3,27.46,18.1,Potatoes,16531.0
Kenya,2014,993.5,36.81,20.42,Potatoes,18073.0
Nigeria,2018,806.8,23.73,20.39,Sorghum,6023.0
India,2012,1346.1,25.1,19.65,Wheat,7495.0
Ethiopia,2014,1533.0,22.57,16.43,Potatoes,17390.0
Tanzania,2005,1082.3,29.81,28.37,Wheat,6063.0
Ethiopia,2004,1557.8,3.47,23.2,Sorghum,6724.0
Tanzania,2008,410.5,4.48,21.1,Sorghum,4840.0
Ethiopia,2017,1080.6,8.26,25.03,Potatoes,17338.0
Nigeria,2011,1086.0,13.41,23.88,Cassava,11580.0
India,2007,845.6,20.3,23.1,Potatoes,18741.0
Kenya,2016,1934.4,19.29,24.74,Maize,11381.0
Tanzania,2017,1076.8,36.37,22.54,Potatoes,17957.0
Ethiopia,2018,957.3,37.29,24.68,Sorghum,6473.0
Nigeria,2006,1109.1,7.4,25.01,Maize,8419.0
India,2014,399.0,18.01,22.65,Maize,7436.0
India,2012,834.0,7.55,21.12,Wheat,6625.0
Kenya,2009,1444.1,12.8,28.12,Cassava,9861.0
Tanzania,2008,879.9,19.25,20.09,Potatoes,17809.0
India,2002,809.9,0.97,23.57,Cassava,10431.0
Tanzania,2005,1558.3,100.0,23.66,Cassava,13885.0
Nigeria,2011,1569.1,23.41,19.56,Potatoes,18724.0
India,2018,1280.9,9.24,18.77,Sorghum,8850.0
Nigeria,2018,940.7,69.54,20.58,Wheat,7926.0
Tanzania,2003,1016.2,11.27,20.03,Maize,7268.0
Tanzania,2014,818.5,16.54,16.17,Rice,6678.0
Tanzania,2001,751.8,10.08,19.39,Potatoes,17583.0
Nigeria,2014,734.5,55.79,23.06,Wheat,9104.0
India,2007,883.7,13.68,27.06,Wheat,5382.0
Ethiopia,2009,737.8,16.77,24.22,Maize,9805.0
Nigeria,2015,552.7,38.98,11.6,Sorghum,1803.0
India,2008,1176.8,23.76,24.57,Cassava,11679.0
Kenya,2016,1182.1,14.25,19.77,Sorghum,6156.0
India,2011,1695.3,36.17,23.81,Rice,11687.0
Kenya,2020,866.1,100.0,21.94,Potatoes,19495.0
Nigeria,2013,1203.6,19.18,21.23,Cassava,12967.0
Nigeria,2006,1209.4,16.34,21.59,Potatoes,17989.0
Nigeria,2016,1011.2,17.06,21.91,Wheat,7823.0
Nigeria,2008,1360.5,42.45,27.38,Rice,12012.0
Nigeria,2011,1371.3,9.21,21.92,Sorghum,7581.0
Nigeria,2002,1214.6,11.91,26.34,Rice,10685.0
Nigeria,2002,1010.5,4.35,25.76,Cassava,11838.0
Nigeria,2012,974.9,5.77,24.67,Cassava,11857.0
India,2003,621.3,9.83,14.85,Maize,6014.0
Nigeria,2020,817.9,14.23,26.47,Sorghum,6123.0
India,2017,882.3,61.27,20.17,Rice,10756.0
Tanzania,2014,706.6,22.85,24.86,Potatoes,17166.0
Tanzania,2015,1254.0,7.17,18.11,Wheat,6761.0
Kenya,2012,1518.8,8.31,17.26,Rice,10302.0
India,2001,782.2,44.69,29.91,Wheat,4518.0
Ethiopia,2008,1199.2,36.65,18.17,Maize,9251.0
Kenya,2010,738.1,15.22,26.58,Sorghum,7117.0
India,2019,993.3,10.44,22.47,Maize,7647.0
Kenya,2004,858.4,36.6,20.32,Rice,10673.0
Tanzania,2010,1310.7,6.72,21.82,Wheat,7406.0
India,2007,862.4,20.36,16.8,Maize,7802.0
Tanzania,2002,1454.1,91.66,21.94,Rice,14486.0
India,2002,1014.0,17.54,17.67,Cassava,9984.0
Tanzania,2007,872.6,8.0,20.42,Cassava,10676.0
Kenya,2001,661.3,20.66,25.7,Rice,8633.0
Tanzania,2001,1188.6,10.22,23.02,Potatoes,17359.0
Kenya,2007,1413.3,4.88,16.07,Cassava,11696.0
Ethiopia,2004,1195.7,26.07,25.41,Wheat,7318.0
Kenya,2011,1883.6,36.39,21.97,Cassava,14578.0
Nigeria,2000,1600.4,11.6,19.83,Maize,9487.0
India,2006,992.4,11.0,24.99,Wheat,5321.0
Ethiopia,2009,988.7,6.89,21.33,Rice,9752.0
Tanzania,2020,1264.4,13.2,17.34,Maize,7490.0
India,2013,806.7,9.49,29.39,Sorghum,4525.0
India,2018,1508.2,6.63,21.93,Cassava,11240.0
Tanzania,2007,1226.6,67.61,21.67,Rice,10374.0
Nigeria,2009,1189.8,21.61,20.38,Cassava,12896.0
Ethiopia,2008,1340.4,23.52,26.72,Sorghum,5772.0
Tanzania,2018,1703.0,30.17,19.9,Sorghum,6534.0
Nigeria,2020,1159.8,27.57,15.82,Sorghum,7283.0
India,2020,1060.4,10.69,19.29,Potatoes,16460.0
Ethiopia,2015,1628.1,18.51,27.31,Maize,9415.0
Ethiopia,2010,1438.6,12.0,25.33,Cassava,12158.0
Kenya,2011,987.7,21.13,20.98,Potatoes,18382.0
Ethiopia,2020,1101.8,19.56,27.49,Cassava,11276.0
Kenya,2005,1168.4,10.96,24.99,Cassava,10888.0
India,2007,1226.6,5.14,20.93,Wheat,7431.0
Kenya,2018,625.2,16.73,21.34,Rice,8902.0
India,2008,560.1,12.64,23.32,Wheat,7018.0
Tanzania,2004,789.4,3.28,18.67,Maize,7136.0
India,2011,762.3,22.33,22.02,Cassava,13028.0
Nigeria,2006,874.7,32.21,23.23,Cassava,11356.0
Kenya,2018,1322.1,100.0,15.25,Cassava,11652.0
Tanzania,2019,1040.9,10.88,21.24,Cassava,10783.0
Kenya,2006,1168.7,9.67,20.79,Potatoes,16782.0
India,2011,671.5,6.13,26.11,Potatoes,15221.0
India,2020,938.4,17.58,14.62,Cassava,8205.0
Kenya,2015,1305.5,17.49,20.47,Potatoes,17957.0
India,2004,1308.2,7.78,20.07,Potatoes,17147.0
Kenya,2012,846.4,12.94,25.84,Wheat,7118.0
Ethiopia,2013,1156.6,3.06,21.83,Sorghum,5884.0
Tanzania,2013,1869.6,31.22,29.18,Sorghum,5354.0
Tanzania,2000,1093.8,8.03,24.65,Sorghum,5758.0
Ethiopia,2006,857.4,14.47,20.36,Rice,10576.0
Tanzania,2017,1039.2,4.75,22.96,Wheat,7710.0
Tanzania,2005,1132.3,9.34,20.58,Maize,9351.0
India,2006,1047.1,11.9,25.44,Potatoes,15861.0
Kenya,2006,1089.0,14.75,16.67,Sorghum,4111.0
Ethiopia,2003,594.8,21.84,18.71,Sorghum,3997.0
India,2003,763.1,47.05,23.82,Cassava,12611.0
Tanzania,2007,1047.7,26.74,26.9,Rice,9702.0
Tanzania,2018,1042.2,32.13,13.19,Sorghum,2408.0
Nigeria,2000,901.8,47.32,27.5,Sorghum,5026.0
Ethiopia,2005,1038.0,23.47,21.44,Wheat,7179.0
Tanzania,2001,1121.4,14.45,14.46,Cassava,8731.0
Ethiopia,2011,1411.3,33.36,10.0,Maize,4539.0
Ethiopia,2005,1065.3,35.11,15.88,Potatoes,16427.0
Tanzania,2016,1239.7,25.0,21.92,Cassava,14375.0
Nigeria,2012,910.4,4.65,21.74,Potatoes,18895.0
Ethiopia,2016,1300.2,7.59,24.53,Cassava,13364.0
Kenya,2013,1231.5,11.94,19.8,Maize,10075.0
Nigeria,2009,1403.0,27.76,17.57,Potatoes,17939.0
Tanzania,2018,1349.7,14.63,20.35,Sorghum,7504.0
Nigeria,2010,1306.1,36.95,22.13,Potatoes,18813.0
India,2019,1065.6,42.61,22.92,Cassava,13612.0
Ethiopia,2020,1185.7,38.84,18.84,Rice,10807.0
India,2012,1472.2,39.03,25.61,Sorghum,7175.0
India,2014,871.8,6.49,19.51,Rice,9252.0
India,2005,880.1,21.89,18.52,Cassava,12486.0
India,2017,1163.5,9.15,19.83,Maize,7895.0
Nigeria,2014,1245.3,3.98,26.3,Wheat,9122.0
Ethiopia,2018,811.6,11.82,21.47,Maize,8783.0
India,2005,1073.8,42.94,19.22,Sorghum,5094.0
Tanzania,2016,1067.1,21.51,25.7,Wheat,6576.0
Tanzania,2009,324.7,74.76,30.57,Wheat,2244.0
Ethiopia,2003,1023.1,17.15,22.84,Cassava,12565.0
India,2003,1044.9,100.0,26.94,Rice,9168.0
Kenya,2011,1043.9,17.15,26.14,Maize,8733.0
Nigeria,2006,1595.6,15.15,19.58,Maize,11694.0
Nigeria,2002,674.5,5.35,22.11,Wheat,6459.0
Ethiopia,2008,811.4,36.18,16.87,Cassava,10402.0
Tanzania,2013,250.0,9.96,21.18,Potatoes,14896.0
Tanzania,2006,931.7,8.87,19.5,Cassava,10951.0
Kenya,2020,961.5,41.47,20.39,Wheat,10037.0
Ethiopia,2016,921.5,37.58,19.0,Rice,10586.0
Ethiopia,2010,1487.7,36.81,20.85,Maize,10527.0
Tanzania,2019,1401.2,11.14,24.13,Rice,10095.0
Nigeria,2009,1127.2,14.29,21.52,Potatoes,18346.0
India,2002,970.3,14.18,14.54,Sorghum,3662.0
Tanzania,2000,1459.2,27.83,19.02,Rice,10450.0
India,2019,1093.1,51.57,15.92,Sorghum,5693.0
Kenya,2020,813.6,19.98,22.98,Potatoes,16489.0
Kenya,2015,499.3,72.23,24.01,Wheat,6237.0
Ethiopia,2002,945.5,30.5,23.03,Cassava,12323.0
Ethiopia,2006,1364.1,12.33,18.85,Rice,9388.0
India,2000,1896.8,28.87,22.99,Maize,11918.0
Kenya,2001,1121.6,58.25,20.12,Cassava,12469.0
Ethiopia,2005,832.1,73.6,17.45,Cassava,9857.0
Ethiopia,2012,685.3,38.46,24.97,Maize,8787.0
Kenya,2001,1293.2,15.19,25.27,Cassava,10374.0
Kenya,2020,482.4,12.51,25.8,Cassava,10525.0
Kenya,2009,1292.6,23.59,19.57,Sorghum,6507.0
Nigeria,2005,1386.2,56.78,26.72,Wheat,10066.0
Nigeria,2010,1252.7,21.05,20.03,Potatoes,19560.0
Nigeria,2016,1023.1,21.41,24.61,Potatoes,17010.0
Nigeria,2006,1297.7,15.5,19.96,Potatoes,16781.0
India,2000,1159.8,11.45,21.1,Potatoes,17208.0
Tanzania,2001,827.7,13.07,12.32,Potatoes,12097.0
Nigeria,2017,1747.6,16.58,20.79,Potatoes,21371.0
India,2002,976.9,58.82,22.36,Sorghum,6716.0
India,2013,1371.5,12.28,20.36,Potatoes,19121.0
India,2008,253.5,15.52,29.02,Maize,5013.0
Kenya,2016,1546.8,7.45,17.35,Maize,9180.0
Tanzania,2001,1614.1,26.4,19.75,Cassava,13089.0
Kenya,2018,1110.4,44.4,18.38,Cassava,12815.0
Nigeria,2014,1295.6,54.58,19.74,Potatoes,19421.0
India,2009,1295.5,17.51,26.13,Wheat,6395.0
Nigeria,2004,875.0,23.56,27.91,Sorghum,6366.0
Ethiopia,2020,1291.5,13.16,19.2,Maize,9422.0
Tanzania,2006,817.0,22.7,19.11,Rice,8952.0
Kenya,2010,886.9,19.13,17.37,Wheat,3828.0
Ethiopia,2008,1494.4,15.59,27.23,Maize,9864.0
Tanzania,2004,1441.1,16.61,26.48,Sorghum,6506.0
India,2008,852.8,21.36,21.58,Potatoes,17478.0
Kenya,2003,843.2,11.76,16.42,Wheat,5366.0
India,2000,874.0,12.26,16.77,Potatoes,15560.0
Tanzania,2006,1356.4,58.32,22.68,Maize,10405.0
Kenya,2002,750.0,100.0,24.2,Rice,10850.0
Nigeria,2008,1224.8,5.68,13.74,Potatoes,15981.0
Nigeria,2018,1361.4,5.43,20.71,Rice,10694.0
Kenya,2003,1069.1,6.92,28.47,Sorghum,5224.0
Ethiopia,2000,1453.5,13.7,21.13,Wheat,8598.0
Kenya,2002,993.5,30.47,27.96,Maize,7391.0
Kenya,2010,1025.2,23.88,24.6,Potatoes,17789.0
Nigeria,2005,758.0,17.08,17.66,Cassava,9554.0
Nigeria,2010,1456.0,22.72,20.83,Rice,11592.0
Ethiopia,2000,831.7,8.55,21.49,Maize,7558.0
Ethiopia,2006,1222.4,12.24,18.19,Cassava,10795.0
Kenya,2008,1075.0,14.64,18.12,Rice,7591.0
India,2009,731.5,4.19,28.03,Wheat,4880.0
Ethiopia,2011,886.8,5.88,18.09,Potatoes,18300.0
Tanzania,2016,1584.0,6.07,26.31,Wheat,7833.0
Nigeria,2009,1170.6,27.42,20.25,Cassava,13129.0
Tanzania,2017,746.8,18.11,21.9,Wheat,9231.0
India,2011,1206.9,24.26,24.25,Potatoes,18355.0
Ethiopia,2005,1048.9,3.42,19.61,Potatoes,16912.0
India,2004,2200.0,4.54,24.27,Wheat,9111.0
Ethiopia,2006,1199.8,25.29,13.81,Rice,7704.0
Kenya,2012,966.8,1.61,23.76,Maize,8242.0
Ethiopia,2005,1597.0,39.63,12.13,Potatoes,14718.0
Ethiopia,2019,455.6,3.46,21.09,Sorghum,5904.0
Kenya,2010,1133.0,29.21,25.42,Cassava,12629.0
Kenya,2018,1798.0,7.31,24.49,Wheat,7404.0
Tanzania,2014,1059.3,34.44,16.81,Wheat,6097.0
Nigeria,2007,493.3,100.0,17.32,Potatoes,16883.0
Nigeria,2004,961.4,2.41,19.25,Sorghum,6549.0
Tanzania,2015,1609.1,25.95,22.74,Cassava,14333.0
Ethiopia,2006,1231.6,3.5,13.87,Maize,9221.0
Nigeria,2005,806.4,20.93,21.95,Wheat,7169.0
Tanzania,2019,860.2,12.61,23.25,Wheat,6838.0
India,2010,904.1,16.51,20.87,Wheat,7709.0
Ethiopia,2001,1226.4,7.18,24.1,Rice,9693.0
Ethiopia,2010,1568.4,27.78,22.89,Cassava,13204.0
Kenya,2009,1468.3,4.67,19.83,Maize,9516.0
Kenya,2018,1259.6,40.18,14.26,Sorghum,2115.0
Kenya,2014,633.9,10.73,22.53,Potatoes,16954.0
India,2004,635.2,4.84,18.19,Potatoes,15852.0
India,2003,1286.6,53.3,19.69,Sorghum,8233.0
Nigeria,2012,629.1,14.1,23.92,Maize,8635.0
India,2000,1021.1,68.45,27.67,Sorghum,4397.0
Kenya,2006,1206.5,39.53,21.85,Wheat,8114.0
Ethiopia,2002,701.8,7.86,24.22,Potatoes,15059.0
Ethiopia,2000,741.5,13.9,16.22,Sorghum,3248.0
Tanzania,2019,1067.1,16.39,22.98,Potatoes,18522.0
India,2001,1276.3,50.45,21.76,Wheat,8339.0
Tanzania,2000,1471.5,21.12,26.92,Rice,10896.0
Ethiopia,2019,1312.5,17.13,19.84,Rice,8864.0
Tanzania,2003,1125.8,12.68,21.03,Maize,9307.0
Kenya,2017,838.8,14.29,26.24,Sorghum,4625.0
Ethiopia,2000,725.2,42.25,21.63,Maize,10083.0
Nigeria,2003,921.2,14.92,17.56,Rice,9871.0
Kenya,2002,1243.5,10.85,32.21,Potatoes,14089.0
Tanzania,2014,1217.8,9.47,17.69,Maize,10271.0
Tanzania,2013,365.0,9.55,21.74,Cassava,10012.0
Nigeria,2009,825.0,4.85,23.39,Rice,10903.0
Ethiopia,2005,1521.6,8.16,23.07,Maize,9479.0
Kenya,2001,1127.7,49.34,21.24,Potatoes,17522.0
India,2011,604.0,12.61,21.26,Potatoes,17371.0
Nigeria,2004,1924.5,26.14,21.06,Potatoes,18932.0
India,2012,1089.9,2.05,17.54,Sorghum,5747.0
India,2014,1234.5,23.44,30.6,Rice,7230.0
Kenya,2017,1239.8,13.08,21.12,Sorghum,7654.0
Kenya,2010,971.3,10.12,24.39,Rice,9479.0
India,2000,845.3,17.2,20.66,Potatoes,17288.0
Kenya,2005,1842.6,10.01,20.58,Maize,11372.0
Tanzania,2017,1451.1,2.72,20.18,Potatoes,17888.0
Kenya,2011,1387.7,31.12,15.8,Wheat,6255.0
India,2013,1301.7,18.07,21.36,Sorghum,7243.0
Tanzania,2009,748.8,11.57,20.37,Sorghum,5575.0
Nigeria,2003,1547.1,6.87,26.69,Cassava,11852.0
Kenya,2018,804.9,4.59,17.21,Cassava,10034.0
Tanzania,2016,1199.2,17.8,19.69,Maize,11000.0
Kenya,2020,526.2,54.1,18.41,Maize,7789.0
Nigeria,2017,385.7,17.51,27.77,Cassava,8888.0
Tanzania,2006,1211.4,4.92,18.52,Rice,8258.0
India,2005,816.8,17.82,24.25,Maize,8498.0
Kenya,2005,403.8,14.26,25.88,Wheat,6116.0
Tanzania,2019,1289.2,29.7,21.42,Cassava,13419.0
Kenya,2011,1842.0,24.18,16.49,Rice,10648.0
India,2009,1586.3,1.37,16.54,Maize,9731.0
India,2020,1009.9,23.02,25.44,Sorghum,6393.0
Ethiopia,2012,1103.1,6.67,16.96,Wheat,7684.0
Nigeria,2019,1410.7,4.77,23.57,Rice,11850.0
Kenya,2020,1492.7,12.8,22.46,Maize,11680.0
Tanzania,2001,979.8,20.67,23.51,Potatoes,17610.0
Ethiopia,2007,1112.0,4.0,23.89,Rice,8852.0
Ethiopia,2015,1205.2,26.15,18.27,Cassava,12513.0
Nigeria,2017,1293.9,27.4,18.1,Rice,11175.0
India,2003,1053.4,15.45,24.86,Wheat,8594.0
Nigeria,2006,1058.0,7.43,19.48,Maize,10507.0
Nigeria,2011,1582.9,6.8,11.0,Wheat,5390.0
Nigeria,2016,1523.3,33.81,24.6,Rice,12013.0
Tanzania,2002,1267.1,4.44,17.85,Maize,9187.0
Ethiopia,2012,1701.7,34.87,23.87,Rice,10563.0
Tanzania,2006,964.7,13.04,27.57,Cassava,10599.0
India,2004,1668.0,13.78,22.07,Sorghum,7079.0
Tanzania,2010,1289.9,3.79,25.98,Potatoes,17771.0
Tanzania,2008,2200.0,13.23,22.62,Cassava,14471.0
India,2013,682.6,24.31,28.35,Sorghum,4177.0
Ethiopia,2006,858.7,5.11,17.75,Potatoes,16566.0
India,2017,1246.6,22.17,21.97,Cassava,13117.0
India,2001,1239.0,15.98,24.69,Maize,6888.0
Ethiopia,2018,1782.5,8.89,21.24,Sorghum,8200.0
India,2000,866.1,29.48,26.61,Wheat,7474.0
Ethiopia,2015,1416.7,2.56,20.27,Sorghum,8704.0
Nigeria,2007,1506.9,19.64,30.28,Cassava,10885.0
India,2008,1346.6,54.36,30.49,Rice,9452.0
Kenya,2000,763.7,47.09,23.13,Maize,9281.0
Ethiopia,2014,1592.7,20.32,24.21,Rice,11292.0
India,2003,1530.3,11.69,26.77,Rice,10396.0
Nigeria,2013,1309.9,8.95,17.25,Cassava,11698.0
Tanzania,2015,1171.5,11.68,16.75,Cassava,10209.0
Kenya,2017,1179.1,22.99,27.03,Potatoes,16639.0
India,2014,1072.4,7.8,23.1,Cassava,10621.0
Tanzania,2006,1324.3,27.27,21.09,Rice,11361.0
Tanzania,2015,1110.9,81.98,22.04,Rice,11284.0
Kenya,2017,803.0,14.16,12.46,Cassava,6856.0
Tanzania,2006,733.0,5.08,21.24,Sorghum,5053.0
Ethiopia,2002,836.8,5.07,18.99,Potatoes,17463.0
Ethiopia,2018,1177.7,27.7,25.67,Rice,10802.0
Ethiopia,2003,1090.6,14.19,25.98,Sorghum,4882.0
India,2012,1175.4,30.01,24.31,Sorghum,5338.0
India,2004,1275.3,9.71,23.58,Rice,11098.0
Nigeria,2002,880.4,28.92,16.01,Maize,6719.0
Kenya,2016,1613.0,13.11,24.36,Maize,10787.0
Tanzania,2003,1006.3,8.28,24.52,Maize,10408.0
Ethiopia,2014,948.3,10.8,26.98,Rice,10289.0
Kenya,2014,1268.8,5.71,30.47,Potatoes,15611.0
Nigeria,2001,457.2,73.08,15.23,Sorghum,4877.0
Nigeria,2003,823.3,13.78,20.45,Wheat,9436.0
India,2016,1443.4,24.92,19.03,Sorghum,4752.0
Tanzania,2010,491.9,9.68,22.69,Potatoes,16188.0
Kenya,2002,1491.2,6.41,22.05,Maize,10940.0
Ethiopia,2020,1628.9,12.34,21.06,Rice,11126.0
Nigeria,2005,970.7,35.91,26.11,Wheat,8530.0
India,2000,1202.1,9.81,17.59,Cassava,11083.0
India,2019,1491.7,7.42,17.84,Cassava,11931.0
Ethiopia,2000,936.6,16.85,17.9,Sorghum,5311.0
India,2011,1403.7,22.18,20.56,Potatoes,18057.0
Tanzania,2020,865.1,55.38,17.09,Rice,8755.0
Nigeria,2012,932.8,19.75,21.81,Wheat,8091.0
Tanzania,2012,820.2,24.91,21.34,Sorghum,5361.0
India,2008,1219.9,26.45,18.85,Maize,10193.0
Ethiopia,2002,1505.3,5.92,25.5,Wheat,8739.0
Ethiopia,2012,1035.6,6.88,21.76,Maize,10368.0
India,2018,655.1,6.25,26.25,Rice,7106.0
Ethiopia,2001,721.1,5.13,21.22,Wheat,5406.0
Ethiopia,2018,1238.1,28.12,21.9,Wheat,8441.0
Ethiopia,2008,1745.4,18.77,19.75,Rice,14202.0
India,2011,1237.8,15.86,21.97,Cassava,13301.0
Ethiopia,2003,964.6,1.87,24.85,Potatoes,16786.0
India,2013,1368.2,77.04,20.35,Sorghum,8126.0
Tanzania,2003,1016.2,7.28,24.07,Cassava,12206.0
Tanzania,2005,967.6,76.82,18.75,Cassava,10974.0
Tanzania,2015,764.5,4.67,25.04,Rice,10170.0
Kenya,2001,1593.0,7.77,19.68,Cassava,12528.0
Nigeria,2009,250.0,2.55,25.41,Cassava,9684.0
Ethiopia,2012,1379.3,19.88,22.24,Cassava,12851.0
Tanzania,2002,937.7,6.17,28.08,Rice,9120.0
India,2006,956.4,6.31,17.38,Wheat,5560.0
Ethiopia,2007,1692.3,4.96,16.1,Potatoes,16192.0
Nigeria,2013,850.1,27.71,19.54,Cassava,12003.0
India,2020,862.0,26.29,16.46,Cassava,8271.0
Nigeria,2017,1054.4,63.41,16.47,Potatoes,17323.0
Nigeria,2003,1244.8,8.6,24.49,Maize,10858.0
Kenya,2000,945.4,17.73,21.98,Rice,10367.0
Nigeria,2001,549.1,5.3,20.08,Sorghum,6260.0
Ethiopia,2012,797.0,11.38,20.45,Potatoes,17875.0
Tanzania,2003,1548.5,9.82,19.61,Rice,13066.0
Tanzania,2004,1126.2,21.58,28.6,Rice,7911.0
India,2017,1257.9,33.57,19.06,Maize,9940.0
Kenya,2018,1008.5,32.88,16.71,Wheat,6159.0
Tanzania,2017,869.2,7.58,25.18,Sorghum,6331.0
Ethiopia,2005,1687.1,33.07,21.14,Wheat,9419.0
Nigeria,2013,1034.1,14.36,30.16,Cassava,10745.0
Tanzania,2012,944.8,11.48,19.9,Maize,8474.0
Tanzania,2003,1483.6,8.44,25.38,Potatoes,19542.0
Kenya,2011,847.2,9.51,26.33,Rice,9197.0
Ethiopia,2011,891.8,59.97,19.91,Sorghum,6637.0
India,2008,1103.6,19.03,19.03,Cassava,12004.0
Nigeria,2015,1100.1,17.11,24.97,Potatoes,18216.0
Ethiopia,2014,1190.9,12.06,24.3,Potatoes,18383.0
Nigeria,2011,1832.1,100.0,16.36,Sorghum,8112.0
Tanzania,2015,1217.7,42.27,17.49,Potatoes,17165.0
Ethiopia,2016,267.7,8.36,11.85,Wheat,1081.0
India,2011,1214.2,11.95,24.38,Rice,8481.0
India,2005,1113.3,12.54,20.95,Wheat,8346.0
Tanzania,2015,1115.2,16.72,21.35,Rice,9174.0
Ethiopia,2015,1186.1,8.49,15.23,Potatoes,15981.0
Ethiopia,2020,1090.0,21.14,17.61,Wheat,7730.0
Nigeria,2003,1081.6,47.54,20.09,Wheat,9184.0
Nigeria,2008,1314.6,5.2,19.31,Sorghum,5247.0
Nigeria,2019,910.3,6.03,22.47,Rice,9900.0
India,2010,768.3,10.11,24.33,Wheat,7011.0
India,2019,2158.3,10.49,31.08,Sorghum,4944.0
Ethiopia,2000,849.4,73.61,21.92,Sorghum,8182.0
India,2000,1135.1,33.16,26.46,Sorghum,5059.0
Ethiopia,2016,576.5,31.67,18.68,Sorghum,3403.0
Nigeria,2007,1140.8,12.04,15.3,Cassava,11100.0
Kenya,2010,773.4,11.83,20.59,Potatoes,16606.0
Ethiopia,2008,945.1,4.66,15.61,Wheat,4029.0
Tanzania,2008,1465.8,27.81,22.06,Cassava,12899.0
Nigeria,2019,1265.2,22.04,18.88,Wheat,9283.0
India,2001,1298.9,41.63,14.18,Wheat,4595.0
Kenya,2016,480.1,12.57,28.94,Sorghum,4977.0
India,2018,1742.9,13.28,19.85,Cassava,12272.0
Ethiopia,2013,682.8,17.05,15.45,Rice,7605.0
India,2008,1635.0,30.37,25.59,Sorghum,6075.0
Tanzania,2003,1457.5,4.59,19.09,Cassava,12331.0
Nigeria,2014,1302.1,26.81,26.36,Sorghum,6491.0
Kenya,2009,800.8,14.64,19.07,Maize,7053.0
Nigeria,2003,1153.1,6.38,19.84,Potatoes,20665.0
Kenya,2007,935.2,2.81,23.38,Wheat,6668.0
Nigeria,2020,1110.2,13.34,24.37,Cassava,11644.0
Kenya,2005,1012.5,47.38,25.07,Maize,10185.0
India,2003,386.5,56.81,21.64,Cassava,12529.0
Ethiopia,2014,1492.6,19.77,24.11,Wheat,9693.0
Ethiopia,2004,1071.6,71.49,24.98,Rice,9649.0
Kenya,2019,930.3,14.38,22.8,Wheat,7526.0
Tanzania,2018,903.9,31.9,21.43,Sorghum,4659.0
Tanzania,2020,1225.5,10.37,16.22,Rice,9759.0
Tanzania,2019,787.2,9.86,24.4,Sorghum,4050.0
Kenya,2005,310.7,8.65,22.17,Maize,6889.0
Ethiopia,2004,1242.5,2.86,20.35,Rice,10350.0
Tanzania,2007,1281.7,41.67,27.11,Cassava,12070.0
Nigeria,2009,1030.1,8.91,16.29,Cassava,10397.0
Kenya,2018,698.2,7.84,28.58,Wheat,6175.0
Kenya,2015,1131.1,5.79,21.91,Rice,10726.0
Ethiopia,2013,587.4,12.64,23.27,Rice,9690.0
Tanzania,2018,740.5,61.0,20.42,Potatoes,16725.0
Kenya,2013,837.3,79.44,15.33,Potatoes,17862.0
Tanzania,2007,1395.4,3.94,21.44,Maize,9292.0
India,2008,973.1,11.21,23.34,Sorghum,7492.0
Tanzania,2010,943.2,6.5,24.7,Wheat,8863.0
Tanzania,2001,1784.1,32.81,21.21,Wheat,10050.0
Ethiopia,2015,1223.4,18.71,13.23,Cassava,9940.0
Tanzania,2013,1218.6,8.94,15.83,Sorghum,2229.0
Kenya,2015,970.6,15.77,30.21,Rice,6665.0
Ethiopia,2011,891.3,10.16,17.63,Cassava,11746.0
Ethiopia,2016,334.8,54.13,27.71,Rice,8614.0
Kenya,2019,1439.1,23.05,18.26,Potatoes,17086.0
Kenya,2011,1256.9,25.43,21.27,Wheat,7958.0
Kenya,2009,1037.3,1.76,24.5,Wheat,4844.0
Kenya,2002,1052.0,14.11,18.72,Rice,9913.0
Ethiopia,2016,1357.7,78.77,28.37,Potatoes,16148.0
Kenya,2018,555.9,42.99,22.3,Sorghum,6681.0
Kenya,2014,893.5,3.4,23.84,Rice,10428.0
Tanzania,2018,702.3,11.58,20.93,Cassava,10640.0
Kenya,2018,1720.0,5.69,24.63,Potatoes,19326.0
Kenya,2016,1406.5,58.49,28.32,Maize,8782.0
Kenya,2010,329.1,18.09,21.47,Sorghum,5001.0
Kenya,2002,570.2,8.05,28.92,Potatoes,13488.0
Nigeria,2000,1053.7,15.29,19.55,Rice,10738.0
Tanzania,2004,934.6,1.85,25.06,Rice,7787.0
India,2009,636.5,6.25,23.96,Wheat,4675.0
Nigeria,2015,1780.7,15.32,17.73,Potatoes,18915.0
Kenya,2009,1209.4,29.27,22.86,Potatoes,18177.0
India,2000,1266.2,3.15,22.03,Rice,10478.0
Kenya,2004,857.8,10.97,18.59,Wheat,6043.0
India,2020,1352.8,33.37,23.43,Rice,12482.0
Nigeria,2020,966.8,4.66,22.59,Rice,10226.0
Tanzania,2007,1000.8,17.87,21.71,Rice,10276.0
Ethiopia,2016,1313.9,15.69,21.73,Wheat,8600.0
India,2015,529.9,58.65,21.64,Potatoes,18142.0
Nigeria,2019,1659.0,12.38,20.53,Wheat,9756.0
Nigeria,2018,1163.8,12.97,22.56,Potatoes,18839.0
Tanzania,2013,1548.3,29.49,19.42,Maize,11112.0
India,2008,723.6,5.15,32.63,Rice,2345.0
Nigeria,2013,776.9,12.47,16.36,Sorghum,3058.0
Nigeria,2006,693.3,10.33,19.66,Sorghum,5566.0
India,2007,1187.6,13.31,19.98,Sorghum,6150.0
Ethiopia,2012,1123.1,29.33,30.16,Sorghum,4435.0
Kenya,2011,937.5,23.18,16.72,Maize,7973.0
Nigeria,2012,745.1,8.17,23.7,Rice,10055.0
Kenya,2008,656.7,16.6,22.99,Potatoes,15828.0
Kenya,2008,1083.0,49.03,23.33,Sorghum,6828.0
Nigeria,2000,937.0,7.65,26.95,Potatoes,15569.0
India,2012,860.0,16.71,26.86,Cassava,10627.0
India,2012,1641.5,12.75,20.2,Wheat,6966.0
Ethiopia,2019,1071.2,14.15,22.78,Maize,9855.0
Nigeria,2010,1544.5,4.04,14.54,Maize,6834.0
Kenya,2009,913.4,46.0,22.4,Potatoes,17647.0
India,2001,1185.7,8.01,18.82,Potatoes,18280.0
Ethiopia,2004,1080.6,33.81,21.25,Wheat,8364.0
India,2007,505.8,9.05,15.26,Sorghum,1422.0
Tanzania,2007,1599.9,9.02,23.62,Sorghum,6832.0
India,2007,1052.7,39.27,15.21,Rice,6881.0
Ethiopia,2008,1361.2,32.95,22.59,Wheat,7248.0
Tanzania,2016,836.8,17.58,17.09,Sorghum,5027.0
India,2002,1042.3,27.36,18.6,Sorghum,6388.0
India,2006,796.6,11.81,26.62,Wheat,6366.0
Tanzania,2003,1532.6,14.78,24.35,Wheat,9087.0
Tanzania,2006,1209.0,8.76,26.6,Rice,9430.0
Kenya,2014,1228.5,30.67,28.24,Potatoes,16465.0
Tanzania,2000,1575.4,8.54,18.91,Maize,9098.0
India,2007,1504.7,48.82,28.0,Cassava,11229.0
Ethiopia,2000,1367.9,11.56,16.14,Rice,8147.0
Ethiopia,2020,602.4,15.13,24.98,Rice,8091.0
India,2015,856.5,27.3,20.03,Maize,8899.0
Ethiopia,2005,748.6,15.17,18.28,Cassava,10645.0
Nigeria,2004,1354.6,11.72,24.46,Wheat,11142.0
India,2002,1159.7,14.53,25.78,Cassava,10115.0
India,2009,613.3,30.42,25.66,Rice,8490.0
Tanzania,2015,1033.9,8.76,22.86,Cassava,10491.0
Kenya,2012,577.1,13.45,22.53,Wheat,6210.0
Ethiopia,2018,1081.4,15.0,24.11,Maize,9092.0
Tanzania,2007,520.6,29.72,23.22,Sorghum,6185.0
Nigeria,2005,1285.1,13.74,24.17,Sorghum,6618.0
Ethiopia,2010,1232.3,63.22,22.82,Potatoes,18957.0
Ethiopia,2004,1767.8,13.13,25.37,Maize,10187.0
Ethiopia,2020,1396.8,12.3,15.49,Cassava,9590.0
Nigeria,2003,952.0,12.98,21.47,Rice,9590.0
Ethiopia,2010,1386.3,5.19,16.46,Cassava,10905.0
India,2010,610.8,6.49,23.11,Cassava,10653.0
